BUNDLE_ID,BUNDLE_NAME,BUNDLE_TYPE,BUNDLE_DESCRIPTION,BENEFITS,PRICE,BUNDLE_VALIDITY_DAYS,BUNDLE_CATEGORY
6071236,Weekly 2000_25Pc,Voice,Charged_Bundle,[NULL],"2,000",1,Voice_OM
6071483,New Growth_Market Combo_30000_1_zero,Combo,Charged_bundle,[NULL],0,30,Combo
6000533,Weekly 45 min_BTL_Zero,Voice,Zero_rated_bundle,45 Mins 20 Mins Bonus,"2,000",7,Voice_OM
6071280,Kawa_100Pc,Voice,Charged_bundle,10mins,500,1,Voice_OM
6070961,DMP_300,Data,Charged_bundle,300MB,"1,500",1,DMP
6070720,Daily_30MB_Zero,Data,Zero_rated_bundle,30 MB,250,1,Data_OM
3600097,Monthly_350MB_Free,Data,Free_bundle,350,0,30,Data_OM
60079,Private_256Kbps_Speed_APN_PostPaid_Auto,Data,Charged_bundle,209715200,"15,000",30,Data_OM
6300135,HYBRID ADD ON - 300K,Voice,Zero_rated_bundle_Postpaid,0,0,30,HYBRID
6000084,200 SMS,SMS,Charged_bundle,200 SMS,"1,000",7,SMS
60108,Private_50MB_PostPaid_Zero,Data,Zero_rated_bundle,51200,"5,600",30,Data_OM
3600054,Private_250MB_1000SMS,Data,Charged_bundle,250MB 1000 SMS,"24,500",30,Combo
6049072,Special_Data_Bundles_5_Large_Zero,Data,Zero_rated_bundle,8.4 GB,"21,000",30,DMP
6000540,Weekly 1GB_BTL_Zero,Data,Zero_rated_bundle,1024 MB 200MB Bonus,"7,000",7,Data_OM
6081022,CREDIT LIMIT - 345K,Voice,Zero_rated_bundle_Postpaid,[NULL],0,30,Voice_OM
6071470,New Growth_Market Combo_7000_1,Combo,Charged_bundle,[NULL],"7,000",7,Combo
6071148,Voice Allnet Weekly _5000_Zero,Voice,Zero_rated_bundle,90 Mins Allnetworks,"5,000",7,Voice_OM
[NULL],Weekly_5.5GB_Pelatro_25pc,Data,Charged_bundle,[NULL],0,7,Data_OM
6071898,FREE 500MB,Data,Free_bundle,[NULL],0,1,Data_OM
6000054,Bundle 133Mins,Voice,Charged_bundle,150 Mins,"20,000",30,Voice_OM
60154,Bundle_8Mins_UAE_Postpaid,Voice,Charged_bundle_Postpaid,8,"6,400",30,Voice_OM
6071626,Mega4day_Combo_5GB_Zero,Data,Zero_rated_bundle,[NULL],"7,000",4,Data_OM
6070949,Wifi_25GB_ODU_Auto,Data,Charged_bundle,25GB,"50,000",30,Data_OM
6071556,Weekly_2000_1_Zero_25pc,Voice,Zero_Rated_Bundle,[NULL],"2,000",1,Voice_OM
3600049,Private_1.5GB,Data,Charged_bundle,1.5 GB,"20,000",30,Data_OM
3600092,Private_5GB,Data,Charged_bundle,5 GB,"64,000",30,Data_OM
6000363,US_ASIA Daily,Voice,Charged_bundle,10,"2,000",1,Voice_OM
6070835,Monthly_48GB_Auto,Data,Charged_bundle,48 GB,"100,000",30,Data_OM
60204,CMB_10K_PostPaid_Auto,Voice,Charged_bundle_Postpaid,300,"10,000",30,Voice_OM
6071340,Daily_1.5GB_Zero,Data,Zero_rated_bundle,1610612736,"3,000",1,Data_OM
6071408,20SMS_Gamification,SMS,Free_bundle,20,0,1,SMS
6000505,Pakalast_GM_Zero,Voice,Zero_rated_bundle,50 Mins,"1,000",1,Voice_OM
6000387,Bundle_8Mins_UAE_Zero,Voice,Zero_rated_bundle,8,"6,400",7,Voice_OM
6071338,Daily_1.5GB,Data,Charged_bundle,1610612736,"3,000",1,Data_OM
6071237,Weekly Kawa-3500_25Pc,Voice,Charged_Bundle,[NULL],"3,500",1,Voice_OM
6071184,BOONA Monthly_20000_Auto,Voice,Charged_bundle,[NULL],"20,000",30,Voice_OM
6000514,Kawa_BTL,Voice,Charged_bundle,10 Mins 5 Mins Bonus,500,1,Voice_OM
6070948,Wifi_8GB_ODU_Auto,Data,Charged_bundle,8GB,"20,000",30,Data_OM
6071087,CMB_5K_Calendar,Voice,Charged_bundle,125,"5,000",30,Voice_OM
6070876,Daily_80MB_50pc,Data,Charged_bundle,80MB,500,1,Data_OM
6081035,CREDIT LIMIT - 405K,Voice,Zero_rated_bundle_Postpaid,0,0,30,Voice_OM
60173,INDIA_Monthly_Postpaid_Zero,Voice,Zero_rated_bundle_Postpaid,100,"10,000",30,Voice_OM
6070885,Monthly_12.5GB_50pc,Data,Charged_bundle,12884901888,"30,000",30,Data_OM
60158,Bundle_4Mins_Tanzania_Postpaid,Voice,Charged_bundle_Postpaid,4,"5,600",30,Voice_OM
6300125,HYBRID ADD ON - 120K,Voice,Zero_rated_bundle_postpaid,0,0,30,HYBRID
6000450,Broadband_35GB,Data,Charged_bundle,35 GB,"75,000",30,Data_OM
60143,East Africa Large_Postpaid,Voice,Charged_bundle_Postpaid,40,"12,500",30,Voice_OM
6071542,Smartplan Gold Plus staff_1,Combo,Free bundle,[NULL],0,1,Combo
6070642,Staff_20GB_No Validity,Data,Zero_rated_bundle,21474836480,0,1,Data_OM
6071835,4G Smart Connect_Monthly_40GB_Zero,Data,Zero_rated_bundle,[NULL],"50,000",30,Data_OM
6071039,FF_combo_1,Combo,Charged_bundle,4.4GB 20Mins,"6,500",3,FF
6300176,HYBRID ADD ON - 4k,[NULL],Zero_rated_bundle_postpaid,4000 Airtime,"4,000",30,HYBRID
6071419,3Day_2.2GB_25PC,Data,Charged_bundle,2252,"5,000",72,Data_OM
6071223,FF_combo_7_Zero,Combo,Zero_rated_bundle,[NULL],"10,000",3,FF
6080964,CREDIT LIMIT - 55K,Voice,Zero_rated_bundle_Postpaid,0,0,30,Voice_OM
6080982,CREDIT LIMIT - 145K,Voice,Zero_rated_bundle_Postpaid,0,0,30,Voice_OM
6049073,Special_Data_Bundles_6_Large_Zero,Data,Zero_rated_bundle,23 GB,"51,000",30,DMP
6071159,Allnet_200_SGM,Voice,Charged_bundle,7mins,200,1,Voice_OM
6064634,CMB_15K_x000D_,Voice,Charged_bundle,100mins,"15,000",30,Voice_OM
3600084,Kano Kali_30Mins_100SMS_100Mbs,Voice,Charged_bundle,30Mins 100MB 100SMS,[NULL],7,Combo
6071068,Voice Chillax_90 Mins,Voice,Charged_bundle,90 Mins,"5,000",365,Voice_OM
6037023,CMB_10K_Zero,Voice,Zero_rated_bundle,750 Mins,"10,000",14,Voice_OM
6070852,Weekly_5.5GB,Data,Charged_bundle,5.5 GB,"15,000",7,Data_OM
6071085,48GB_Calendar,Data,Charged_bundle,[NULL],"100,000",37,Data_OM
6070937,Wifi_25GB_IDU,Data,Charged_bundle,25GB,"50,000",30,Data_OM
6071926,Monthly 2000 Onnet+200 Allnet+30 GB+150 SMS_Postp,Postpaid_Combo,Charged_bundle,2000 Onnet+200 Allnet+30 GB+150 SMS,"50,000",30,Postpaid_Combo
6070905,Sponsored_Data_BCC_10.24GB,Data,Sponsored_data_bundle,10995116278,0,2160,Data_OM
6071787,5G _Booster Unlimited Plan_Zero,Data,Zero_rated_bundle,[NULL],"50,000",30,Data_OM
6071957,5G_ODU_Bi-Annual_Unlimited_60Mbps_Acquisition,Data,Charged_bundle,[NULL],"650,000",180,Data_OM
60151,CHINA_Monthly_Postpaid,Voice,Charged_bundle_Postpaid,100,"10,000",30,Voice_OM
6057029,100_SMS_Daily PLUS_Zero,SMS,Zero_rated_bundle,100 SMS,500,1,SMS
60043,7.5GB_PostPaid_Zero,Data,Zero_rated_bundle,7864320,"20,000",30,Data_OM
6071089,CMB_30K_Calendar,Voice,Charged_bundle,[NULL],"30,000",30,Voice_OM
6071211,FF_combo_4,Combo,Charged_bundle,[NULL],"6,000",3,FF
6071365,5G_Ultra_Monthly_130GB_1.5 GB daily_100K,Data,Charged_bundle,1.40E+11,"100,000",30,Data_OM
60071,7.5GB_PostPaid_Auto,Data,Charged_bundle,7864320,"20,000",30,Data_OM
6071670,Weekly_Roaming_1GB_Qatar_Zero,Data,Zero_rated_bundle,1024,"65,000",7,Data_OM
6000076,30k,Voice,Charged_bundle,2000 Mins,"10,000",14,Voice_OM
6070941,Wifi_110GB_IDU_Zero,Data,Zero_rated_bundle,110GB,0,30,Data_OM
6071061,Wifi_45GB_Plus_50_Bonus_Zero,Data,Zero_rated_bundle,[NULL],0,720,Data_OM
6071004,Data_Bonus_50MB,Data,Zero_rated_bundle,52428800,0,1,Data_OM
6070920,Weekly_5GB_Free,Data,Free_bundle,5GB,0,7,Data_OM
6071348,HBB_Monthly_65GB_1.5GB_daily_auto,Data,Charged_bundle,[NULL],"100,000",30,Data_OM
6000512,FH_Combo 3_Zero,Combo,Zero_rated_bundle,3.8GB 20Mins,"7,500",4,FF
6071836,4G Smart Connect_Monthly_110GB,Data,Charged_bundle,[NULL],"100,000",30,Data_OM
6071624,Voice_8 mins_zero,Voice,Zero_Rated_Bundle,[NULL],500,1,Voice_OM
60112,Private_1GB_New_PostPaid_Zero,Data,Zero_rated_bundle,1048576,"45,000",30,Data_OM
6081054,CREDIT LIMIT - 500K,Voice,Zero_rated_bundle_Postpaid,0,0,30,Voice_OM
6071633,Unlimited_Weekly_300mins_FUP,Voice,Charged_bundle,2100,"6,000",168,Voice_OM
6081032,CREDIT LIMIT - 255K,Voice,Zero_rated_bundle_Postpaid,0,0,30,Voice_OM
6071377,NEW_My_Pakalast_Combo_400,Combo,Charged_bundle,5242880,400,1,VMP
6070887,Monthly_50GB_50pc,Data,Charged_bundle,[NULL],"100,000",30,Data_OM
6071003,Voice ALL net offer_1000_Zero,Voice,Zero_rated_bundle,30 Mins Allnetworks,"1,000",1,Voice_OM
6071793,5G_Router_Bi-Annual_Unlimited_30Mbps_Zero,Data,Zero_rated_bundle,[NULL],"750,000",180,Data_OM
6071682,DataPlusDaily_110MB_Zero,Data,Zero_rated_bundle,110MB,500,1,Data_OM
6070648,Booster 300Minutes_Zero,Voice,Zero_rated_bundle,300mins,"10,000",30,Voice_OM
6071828,4G Smart Connect_Weekly _5GB_Auto,Data,Charged_bundle,[NULL],"10,000",7,Data_OM
6071561,Daily_30MB_100pc,Data,Charged_Bundle,[NULL],250,1,Data_OM
6071463,5G_Unlimited_60Mbps,Data,Charged_bundle,2560000,"350,000",30,Data_OM
6071632,Unlimited_Daily_300mins_FUP_Zero,Voice,Zero_rated_bundle,300,"1,000",24,Voice_OM
60124,Weekly_Roaming_1GB_GLOBAL_Postpaid,Data,Charged_bundle,1073741824,"110,000",30,Data_OM
6000501,Sponsored_data_4.49GB_BRAC,Data,Sponsored_data_bundle,1495.04,0,90,Data_OM
6071447,5G_Unlimited_20Mbps_auto,Data,Charged_bundle,1073741824,"170,000",720,Data_OM
6049187,Icontrol_Combo_50k,Combo,Charged_bundle,[NULL],"50,000",30,Combo
60219,90SMS_Free,SMS,Zero_rated_bundle,90,0,30,SMS
6070794,Monthly_48GB,Data,Charged_bundle,48 GB,"100,000",30,Data_OM
6070635,Booster 10GB,Data,Charged_bundle,10 GB,"20,000",30,Data_OM
6068087,Weekly_100MB_Bonus,Data,Zero_rated_bundle,100,0,7,Free
6000361,Africa Daily,Voice,Charged_bundle_Postpaid,5,"2,500",30,Voice_OM
6300177,HYBRID ADD ON - 4.5k,[NULL],Zero_rated_bundle_postpaid,4500 Airtime,"4,500",30,HYBRID
6070884,Monthly_3.5GB_50pc,Data,Charged_bundle,3489660928,"10,000",30,Data_OM
3600093,Private_LL_30GB,Data,Charged_bundle,30 GB,"400,000",30,Data_OM
6300121,HYBRID ADD ON - 80K,Voice,Zero_rated_bundle_Postpaid,0,0,30,HYBRID
6071097,CUG_10K_Calendar,Voice,Charged_bundle,[NULL],"10,000",30,Combo
6071220,FF_combo_4_Zero,Combo,Zero_rated_bundle,[NULL],"6,000",3,FF
60131,ROAM COMBO 25K,Combo,Charged_bundle_Postpaid,102400,"25,000",30,Combo
6071088,CMB_10K_Calendar,Voice,Charged_bundle,[NULL],"10,000",30,Voice_OM
60188,US_ASIA Daily_Postpaid,Voice,Charged_bundle_Postpaid,10,"2,000",30,Voice_OM
6070869,Weekly_3GB_Zero,Data,Zero_rated_bundle,3 GB,"10,000",7,Data_OM
6080975,CREDIT LIMIT - 110K,Voice,Zero_rated_bundle_Postpaid,0,0,30,Voice_OM
6071532,Smartplan_Platinum Allnet_Zero,Combo,Zero_rated_bundle,[NULL],"110,000",30,Combo
6071278,Voice_300min_50Pc_Zero,Voice,Zero_rated_bundle,300mins,"10,000",30,Voice_OM
6071040,FF_combo_2,Combo,Charged_bundle,5.2GB 20Mins,"7,500",3,FF
6071587,Monthly_75GB_100Pc,Data,Charged_Bundle,[NULL],"150,000",1,Data_OM
6000371,Night_2GB_zero,Data,Zero_rated_bundle,2 GB,"2,000",10,Data_OM
60190,US_Asia Daily_Postpaid_Zero,Voice,Zero_rated_bundle_Postpaid,10,"2,000",30,Voice_OM
6067911,New_Private_50GB,Data,Charged_bundle,50 GB,"700,000",30,Data_OM
6071023,120_SMS_Daily_Plus,SMS,Charged_bundle,120 SMS,500,1,SMS
6071112,My_Pakalast_Combo_2300,Combo,Charged_bundle,200 Mins 20MB 30SMS,"2,300",1,VMP
60111,New_Private_500MB_PostPaid_Zero,Data,Zero_rated_bundle,512000,"25,000",30,Data_OM
6071531,Smartplan_Platinum Allnet,Combo,Charged_bundle,[NULL],"110,000",30,Combo
6070273,Bundle 60Mins_China_Zero,Voice,Zero_rated_bundle,60,"7,500",1,Voice_OM
6071182,BOONA Weekly_10000_Auto,Voice,Charged_bundle,[NULL],"10,000",7,Voice_OM
6071797,5G_Router_Monthly_30Mbps,Data,Charged_bundle,[NULL],"150,000",30,Data_OM
6071366,5G_Ultra_Monthly_130GB_1.5 GB daily_100K_auto,Data,Charged_bundle,[NULL],"100,000",30,Data_OM
6071123,My_Pakalast_Combo_1500_Zero,Combo,Zero_rated_bundle,95 Mins 10MB 10SMS,"1,500",1,VMP
6071922,3000 Onnet+250 Allnet+45 GB+250 SMS_Postpaid_Auto,[NULL],Charged_bundle,3000 Onnet+250 Allnet+45 GB+250 SMS,"70,000",30,Postpaid_Combo
6071942,Private APN 5Mbps_Postpaid,[NULL],Charged_bundle,400GB,"20,000",30,Postpaid_Data
6048992,FF_3GB,Data,Charged_bundle,3GB,"5,000",1,FF
60040,500MB_PostPaid_Zero,Data,Zero_rated_bundle,512000,"5,000",30,Data_OM
6071103,My_Pakalast_Combo_650,Combo,Charged_bundle,25 Mins 5MB 10SMS,650,1,VMP
6071673,Weekly_Roaming_1GB_UAE,Data,Charged_bundle,1024,"35,000",7,Data_OM
6071668,Weekly_Roaming_1GB_China_Zero,Data,Zero_rated_bundle,1024,"40,000",7,Data_OM
6300080,CREDIT LIMIT - 2M,Voice,Zero_rated_bundle_Postpaid,0,0,30,Voice_OM
6080961,CREDIT LIMIT - 40K,Voice,Zero_rated_bundle_Postpaid,0,0,30,Voice_OM
6000003,Kawa,Voice,Charged_bundle,10 Mins,500,1,Voice_OM
60007,1.5GB_No Validity_PostPaid,Data,Charged_bundle,1610612736,"5,000",0,Data_OM
6070614,CMB_30K,Voice,Charged_bundle,2000 Mins,"30,000",30,Voice_OM
6000385,Qatar,Voice,Charged_bundle,30 Mins,"24,000",30,Voice_OM
6000364,US_ASIA Daily_Zero,Voice,Zero_rated_bundle,10,"2,000",1,Voice_OM
6071257,Daily 2000_50Pc,Voice,Charged_bundle,100mins,"2,000",1,Voice_OM
6071565,Daily_170MB_100Pc,Data,Charged_Bundle,[NULL],"1,000",1,Data_OM
60156,Bundle_5Mins_DRC_Postpaid,Voice,Charged_bundle_Postpaid,5,"10,000",30,Voice_OM
6071496,Allnet_Market Combo_7000,COMBO,Charged_bundle,0,"7,000",7,Combo
6070955,Monthly_7.5GB,Data,Charged_bundle,7.5 GB,"20,000",30,Data_OM
6067919,New_Private_300GB,Data,Charged_bundle,300 GB,"3,200,000",30,Data_OM
6071441,1GB_Tiktok_Bundle_Zero,Data,Zero_rated_bundle,1048576,"2,000",24,Data_OM
6071091,10 SMS_Calendar,SMS,Charged_bundle,10,500,30,SMS
6000513,FH_Combo 4_Zero,Combo,Zero_rated_bundle,5GB 20Mins,"10,000",4,FF
6071288,CMB 30K_100Pc,Voice,Charged_bundle,2000mins,"30,000",30,Voice_OM
6071872,5G_ODU_Quarterly_Unlimited_60Mbps_Zero,Data,Zero_rated_bundle,3072000,"350,000",90,Data_OM
6080966,CREDIT LIMIT - 65K,Voice,Zero_rated_bundle_Postpaid,0,0,30,Voice_OM
3002073,Pakalast_2000,Voice,Charged_bundle,40 Mins,"2,000",2,Voice_OM
6049100,Monthly_Roaming_10GB_ONEAirtel_zero,Data,Zero_rated_bundle,10GB,"55,000",30,Data_OM
6037399,1000SMS,SMS,Charged_bundle,1000 SMS,"5,000",30,SMS
6071869,5G_ODU_Quarterly_Unlimited_100Mbps,Data,Charged_bundle,4608000,"525,000",90,Data_OM
[NULL],Monthly_3.25GB_Pelatro_25pc,Data,Charged_bundle,[NULL],0,30,Data_OM
6071678,Chillax_150MB_Zero,Data,Zero_rated_bundle,150,"1,000",365,Data_OM
6071945,Daily 9Min,Voice,Charged_bundle,9Min,550,1,Voice_OM
6071397,Kawa_Combo_2_500,Combo,Charged_bundle,3145728,500,1,Combo
6071938,Private APN 3Mbps_Postpaid_Zero,[NULL],Zero_rated_bundle,300GB,"10,000",30,Postpaid_Data
6071071,Voice Chillax_3000 Mins,Voice,Charged_bundle,3000 Mins,"50,000",365,Voice_OM
6071216,FH_combo_9,Combo,Charged_bundle,[NULL],"7,000",3,FF
6070623,Wifi_45GB_IDU,Data,Charged_bundle,45GB,"75,000",30,Data_OM
6071028,Smartplan_Gold_,Combo,Charged_bundle,800 Mins 100Mins Allnet 25GB 200SMS,"60,000",30,Combo
6071934,Private APN 2Mbps_Postpaid_Auto,[NULL],Charged_bundle,200GB,"8,000",30,Postpaid_Data
6071072,Voice Chillax_5000 Mins,Voice,Charged_bundle,5000 Mins,"75,000",365,Voice_OM
6070828,3Day_4GB_Auto,Data,Charged_bundle,4294967296,"11,500",3,Data_OM
6071080,Monthly_500MB_Calendar,Data,Charged_bundle,524288000,"5,000",37,Data_OM
6000502,Sponsored_data_1.53GB_RENU,Data,Sponsored_data_bundle,1566.72,0,90,Data_OM
60174,Bundle_8Mins_UAE_Postpaid_Zero,Voice,Zero_rated_bundle_Postpaid,8,"6,400",30,Voice_OM
6071849,150 Onnet+50 Allnet+3 GB+50 SMS,Voice,Charged_bundle,[NULL],"15,000",30,Combo
6071275,CMB_10K_50Pc_Zero,Voice,Zero_rated_bundle,750mins,"10,000",30,Voice_OM
6071197,Chillax_17GB,Data,Charged_bundle,17GB,"50,000",365,Data_OM
6071260,Weekly 2000_50Pc,Voice,Charged_bundle,45mins,"2,000",7,Voice_OM
6070690,50MB_Gamification,Data,Zero_rated_bundle,52428800,0,1,Data_OM
6070842,All_Net_Bundle_2000_CORE,Voice,Charged_bundle,75 Mins Allnetworks,"2,000",1,Voice_OM
6070810,20GB_No_Validity,Data,Charged_bundle,20 GB,"50,000",365,Data_OM
6071151,Voice Allnet Monthly_20000_Zero,Voice,Zero_rated_bundle,400 Allnetworks,"20,000",30,Voice_OM
6071712,Mega4day_Combo_8GB,Data,Charged_bundle,8,"10,000",4,Data_OM
60168,Bundle 60Mins_USA_Postpaid_Zero,Voice,Zero_rated_bundle_Postpaid,60,"7,500",30,Voice_OM
6071901,150 Onnet+50 Allnet+6 GB+50 SMS,Combo,Charged_bundle,[NULL],"15,000",30,Combo
6071283,Pakalast 50Mins_100Pc,Voice,Charged_bundle,50mins,"1,000",30,Voice_OM
6071688,DataPlusDaily_450MB_Zero,Data,Zero_rated_bundle,450MB,"1,500",1,Data_OM
6070899,Monthly_12.5GB_50pc_Zero,Data,Zero_rated_bundle,12884901888,"30,000",30,Data_OM
6071153,3day_2.2GB,Data,Charged_bundle,2 GB,"5,000",3,Data_OM
6000406,Daily_1GB_GM,Data,Charged_bundle,1 GB,"2,000",2,Data_OM
6000545,Daily 300 MBs_Combo_BTL_Zero,Voice,Zero_rated_bundle,300 MB 20Min Bonus,"1,500",1,Data_OM
6071699,Holdmysim_24M,Combo,Charged_bundle,[NULL],"160,000",720,Combo
6070822,2.5GB_No_Validity_Zero,Data,Zero_rated_bundle,2.5 GB,"7,500",365,Data_OM
60053,Private_1.5GB_PostPaid_Zero,Data,Zero_rated_bundle,1572864,"20,000",30,Data_OM
6071113,My_Pakalast_Combo_2500,Combo,Charged_bundle,250 Mins 20MB 30SMS,"2,500",1,VMP
6071669,Weekly_Roaming_1GB_Qatar,Data,Charged_bundle,1024,"65,000",7,Data_OM
6049026,Special_Data_Bundles_4 _Small,Data,Charged_bundle,200MB,"1,200",1,DMP
6070795,Monthly_48GB_Zero,Data,Zero_rated_bundle,48 GB,"100,000",30,Data_OM
60076,Private_100MB_PostPaid_Auto,Data,Charged_bundle,104857600,"8,000",30,Data_OM
6049048,Special_Data_Bundles_1_Small_Zero,Data,Zero_rated_bundle,30MB,250,1,DMP
6081033,CREDIT LIMIT - 395K,Voice,Zero_rated_bundle_Postpaid,[NULL],0,30,Voice_OM
6048989,FFF_2GB_Zero,Data,Zero_rated_bundle,2GB,"3,500",3,FF
6071954,Daily 90Min5SMS5MB_zero,Voice,Zero_rated_bundle,90Min5SMS5MB,"1,100",1,Voice_OM
6071596,Weekly_1.5GB_Pelatro,[NULL],Zero_rated_bundle,1.5,0,7,Data_OM
6071701,Holdmysim_12M_Zero,Combo,Zero_rated_bundle,[NULL],"100,000",360,Combo
60159,Bundle_16Mins_Tanzania_Postpaid,Voice,Charged_bundle_Postpaid,16,"22,400",30,Voice_OM
6057026,200 SMS_Zero,SMS,Zero_rated_bundle,200 SMS,"1,000",7,SMS
6071885,Weekly 2GB_zero,Data,Zero_rated_bundle,[NULL],"5,000",7,Data_OM
6071053,FH_combo_5_Zero,Combo,Zero_rated_bundle,4.2GB 20Mins,"6,500",4,FF
6071388,NEW_My_Pakalast_Combo_800_2_Zero,Combo,Zero_rated_bundle,10485760,800,1,VMP
6071679,DataPlusDaily_80MB,Data,Charged_bundle,80MB,400,1,Data_OM
6070510,Weekly_3.5GB_DSTV_Zero,Data,Zero_rated_bundle,3.5GB,"10,000",7,Data_OM
6070764,FF_7GB_Zero,Data,Zero_rated_bundle,7GB,"10,000",3,Data_OM
6081003,CREDIT LIMIT - 250K,Voice,Zero_rated_bundle_Postpaid,0,0,30,Voice_OM
6071034,FF_1,Data,Charged_bundle,2GB,"4,000",1,FF
3600091,Private_3GB,Data,Charged_bundle,3 GB,"40,000",30,Data_OM
6000382,Saudi Arabia,Voice,Charged_bundle,10 Mins,"5,950",7,Voice_OM
6070533,Night_2GB Auto,Data,Charged_bundle,2 GB,"2,000",10,Data_OM
60216,2.5GB_No Validity_PostPaid,Data,Charged_bundle,2684354560,"7,500",0,Data_OM
6071286,Weekly Pakalast-6k_100Pc,Voice,Charged_bundle,225mins,"6,000",7,Voice_OM
6000523,Weekly 400MB_BTL,Data,Charged_bundle,400 MB 125MB Bonus,"3,500",7,Data_OM
6071567,Daily_500MB_100Pc,Data,Charged_Bundle,[NULL],"2,000",1,Data_OM
3600078,Monthly_1.5GB_Free,Data,Free_bundle,1536,0,30,Data_OM
6081041,CREDIT LIMIT - 435K,Voice,Zero_rated_bundle_Postpaid,0,0,30,Voice_OM
6000452,Booster 5GB_Zero,Data,Zero_rated_bundle,5 GB,"10,000",30,Data_OM
6071006,Free Voice 5 Mins,Voice,Charged_bundle,5 Mins,0,12,Voice_OM
6071376,NEW _My_Pakalast_Combo_300_Zero,Combo,Zero_rated_bundle,5242880,300,1,VMP
60101,Private_250MB_PostPaid,Data,Charged_bundle,256000,"14,500",30,Data_OM
6071547,Kawa Combo_500_25Pc,Voice,Charged_Bundle,[NULL],500,1,Voice_OM
6300134,HYBRID ADD ON - 250K,Voice,Zero_rated_bundle_postpaid,0,0,30,HYBRID
6000463,BeeraKo_30MB,Data,Charged_bundle,15 MB,278,1,Data_OM
60106,Private_3GB_PostPaid_Zero,Data,Zero_rated_bundle,3145728,"40,000",30,Data_OM
6048984,FF_2.75GB,Data,Charged_bundle,2.75GB,"4,000",1,FF
6081028,CREDIT LIMIT - 375K,Voice,Zero_rated_bundle_Postpaid,0,0,30,Voice_OM
6070997,Market_tariff_1UGX,Voice,Zero_rated_bundle,0,0,0,Voice_OM
6071443,5G_Unlimited_10Mbps_zero,Data,Zero_rated_bundle,1073741824,"130,000",720,Data_OM
3600053,Private_100MB_1000SMS,Data,Charged_bundle,100MB 1000 SMS,"18,000",30,Combo
6070505,Sponsored_data_524MBs_Renu,Data,Sponsored_data_bundle,524,0,30,Data_OM
6070655,LFH_7GB,Data,Charged_bundle,7GB,"9,000",7,Data_OM
6070534,Night_5GB Auto,Data,Charged_bundle,5 GB,"4,000",10,Data_OM
6071693,DataPlusWeekly_900MB,Data,Charged_bundle,900MB,"2,000",7,Data_OM
6071328,All net Voice Chillax_1300 Mins,Voice,Charged_bundle,1300,"30,000",365,Voice_OM
6071881,5G_ODU_Monthly_15Mbps,Data,Charged_bundle,512000,"100,000",30,Data_OM
6071261,Weekly Kawa-3500_50Pc,Voice,Charged_bundle,90mins,"3,500",7,Voice_OM
6070999,Voice ALL net offer_500_Zero,Voice,Zero_rated_bundle,12 Mins Allnetworks,500,1,Voice_OM
6071883,5G_ODU_Monthly_15Mbps_Zero,Data,Charged_bundle,512000,"100,000",30,Data_OM
6071093,50 SMS_Calendar,SMS,Charged_bundle,50,"2,000",30,SMS
6000466,BeeraKo_500MB,Data,Charged_bundle,300 MB,"2,220",1,Data_OM
60045,22GB_PostPaid_Zero,Data,Zero_rated_bundle,23622320128,"50,000",30,Data_OM
60114,Private_1GB_PostPaid_Auto,Data,Charged_bundle,1048576,"12,000",30,Data_OM
6000457,Weekly_3.5GB_TV,Data,Charged_bundle,3.5GB,"10,000",7,Data_OM
6071210,FF_7,Data,Charged_bundle,[NULL],"6,000",3,FF
6049103,Weekly_Roaming_3GB_GLOBAL_zero,Data,Zero_rated_bundle,3GB,"185,000",7,Data_OM
6300148,HYBRID ADD ON - 1M,Voice,Zero_rated_bundle_Postpaid,0,0,30,HYBRID
6071718,Xstream Lite Combo_5GB_Zero,Data,Zero_rated_bundle,[NULL],"650,000",30,Data_OM
6071607,Kawa Combo_500_Zero,Combo,Zero_Rated_Bundle,[NULL],500,1,Voice_OM
6071140,Voice Allnet Weekly _5000,Voice,Charged_bundle,90 Mins Allnetworks,"5,000",7,Voice_OM
6071218,FF_6_Zero,Data,Zero_rated_bundle,[NULL],"5,000",1,FF
6070605,40GB_No Validity,Data,Charged_bundle,40GB,"100,000",365,Data_OM
6070596,Wifi_160GB_ODU_Auto,Data,Charged_bundle,160GB,"200,000",30,Data_OM
6071114,My_Pakalast_Combo_200_Zero,Combo,Zero_rated_bundle,7 Mins 5MB 10SMS,200,1,VMP
6071175,Voice_125min_Auto,Voice,Charged_bundle,[NULL],"5,000",30,Voice_OM
6071213,FF_combo_6,Combo,Charged_bundle,[NULL],"8,000",3,FF
[NULL],Afromobile_Monthly_26GB_Zero,Data,Zero_rated_bundle,[NULL],"60,000",30,Data_OM
6000394,Bundle_20Mins_Eritrea_Zero,Voice,Zero_rated_bundle,20,"23,000",30,Voice_OM
6070703,WIFI_EBB_120GB,Data,Charged_bundle,120GB,"210,000",30,Data_OM
6070647,Booster 50GB_Zero,Data,Zero_rated_bundle,50GB,"100,000",30,Data_OM
6063577,Roaming_Combo1_65K,Combo,Charged_bundle,50mins 500MB,"65,000",30,Combo
6071687,DataPlusDaily_450MB,Data,Charged_bundle,450MB,"1,500",1,Data_OM
6071249,Weekly Kawa-3500_25Pc_Zero,Voice,Zero_rated_bundle,[NULL],"3,500",7,Voice_OM
60006,48GB_PostPaid,Data,Charged_bundle,51539607552,"100,000",30,Data_OM
6070902,Monthly_81GB_50pc_Zero,Data,Zero_rated_bundle,[NULL],"150,000",30,Data_OM
6071852,400 Onnet+100 Allnet+10 GB+100 SMS,Voice,Charged_bundle,[NULL],"30,000",30,Combo
60113,Private_5GB_PostPaid_Zero,Data,Zero_rated_bundle,5242880,"64,000",30,Data_OM
6066159,Monthly_25MB_Zero,Data,Zero_rated_bundle,25MB,"1,500",30,Data_OM
6018427,45_SMS_AutoRenew,SMS,Charged_bundle,45 SMS,250,1,SMS
6071353,HBB_Monthly_160GB_2.5GB_daily_200K,Data,Charged_bundle,[NULL],"200,000",30,Data_OM
60196,Africa Daily_Postpaid,Voice,Charged_bundle_Postpaid,5,"2,500",30,Voice_OM
6071465,5G_Unlimited_60Mbps_auto,Data,Charged_bundle,2560000,"350,000",30,Data_OM
6049199,Data_SMS_ENT,SMS,Charged_bundle,5mins,"2,640",30,Combo
6070998,Voice ALL net offer_500,Voice,Charged_bundle,12 Mins Allnetworks,500,1,Voice_OM
6071243,Pakalast_25Pc_Zero,Voice,Zero_rated_bundle,[NULL],"1,000",30,Voice_OM
6070929,Data_addon_100MB_Zero,Data,Zero_rated_bundle,100 MB,300,1,Data_OM
6070629,Sponsored_Data_UICT_Student_6.144GB,Data,Sponsored_data_bundle,6291.456,0,30,Data_OM
60042,79GB_PostPaid_Zero,Data,Zero_rated_bundle,82837504,"150,000",30,Data_OM
6070918,Weekly_3GB_Free,Data,Free_bundle,3GB,0,7,Data_OM
6070628,Wifi_110GB_ODU_Zero,Data,Zero_rated_bundle,110GB,"150,000",30,Data_OM
6071101,My_Pakalast_Combo_400,Combo,Charged_bundle,15 Mins 5MB 10SMS,400,1,VMP
6070532,Daily_3GB Auto,Data,Charged_bundle,3 GB,"10,000",1,Data_OM
6070934,Wifi_8GB_IDU,Data,Charged_bundle,8GB,"20,000",30,Data_OM
6300183,CREDIT LIMIT - 3K,[NULL],Zero_rated_bundle_postpaid,3000 Airtime,"3,000",30,Voice_OM
6071612,Monthly_10000_1_Zero,Voice,Zero_Rated_Bundle,[NULL],"10,000",1,Voice_OM
6071534,Smartplan_Gold_Plus Allnet,Combo,Charged_Bundle,[NULL],"150,000",1,Combo
6071589,Daily_1.5GB_50Pc,Data,Charged_Bundle,[NULL],"3,000",1,Data_OM
6000375,DRC,Voice,Charged_bundle,20 Mins,"40,000",30,Voice_OM
6071645,FW_3.5GB,Data,Charged_bundle,3584,"4,000",4,FF
6071458,Smartplan Premium Bundle_Zero,Combo,Zero_rated_bundle,[NULL],"900,000",180,Combo
6070528,Daily_100MB Auto,Data,Charged_bundle,100 MB,"1,000",1,Data_OM
6071735,All net Voice Chillax_4500 Mins_75k,Voice,Charged_bundle,[NULL],"75,000",365,Voice_OM
6070589,Weekly_Roaming_3GB_GLOBAL Auto,Data,Charged_bundle,3 GB,"185,000",7,Data_OM
6300133,HYBRID ADD ON - 200K,Voice,Zero_rated_bundle_Postpaid,0,0,30,HYBRID
6070269,East Africa Small_Zero,Voice,Zero_rated_bundle,10,"3,000",1,Voice_OM
3600077,Monthly_1GB_Free,Data,Free_bundle,1GB,0,30,Data_OM
60044,12GB_PostPaid_Zero,Data,Zero_rated_bundle,12884901888,"30,000",30,Data_OM
6070868,Weekly_1.5GB_Zero,Data,Zero_rated_bundle,1.5 GB,"5,000",7,Data_OM
6300175,HYBRID ADD ON - 3.5k,[NULL],Zero_rated_bundle_postpaid,3500 Airtime,"3,500",30,HYBRID
6071906,Daily 3GB_3hrs,Data,Charged_bundle,3072,"3,000",0.125,Data_OM
3600075,Monthly_300MB_Free,Data,Free_bundle,300,0,30,Data_OM
6071149,Voice Allnet Weekly _10000_Zero,Voice,Zero_rated_bundle,250 Mins Allnetworks,"10,000",7,Voice_OM
6071324,Icontrol_Combo_150K_Calendar,Combo,Charged_bundle,[NULL],"150,000",30,Voice_OM
60172,Bundle 100Mins_India_Postpaid_Zero,Voice,Zero_rated_bundle_Postpaid,60,"6,000",30,Voice_OM
6070561,Monthly_25GB Auto,Data,Charged_bundle,25 GB,"90,000",30,Data_OM
6071318,Smartplan_Gold_Plus_Calendar,Combo,Charged_bundle,[NULL],"150,000",37,Combo
6000479,Bundle-Offnet_Onnet_2,Voice,Charged_bundle,10 Mins Allnetworks,500,1,Voice_OM
6071456,10Min_Gamification,Voice,Free_bundle,10,0,1,Voice_OM
6071330,NEW Pakalast_GM,Voice,Charged_bundle,60,"1,000",1,Voice_OM
6071696,DataPlusWeekly_2.44GB_Zero,Data,Zero_rated_bundle,2498.56MB,"5,000",7,Data_OM
60054,Private_100MB_PostPaid_Zero,Data,Zero_rated_bundle,102400,"8,000",30,Data_OM
6000525,500MB_BTL,Data,Charged_bundle,500 MB 100MB Bonus,"5,000",30,Data_OM
6300123,HYBRID ADD ON - 100K,Voice,Zero_rated_bundle_Postpaid,0,0,30,HYBRID
6300128,HYBRID ADD ON - 150K,Voice,Zero_rated_bundle_Postpaid,0,0,30,HYBRID
6067909,New_Private_30GB,Data,Charged_bundle,30 GB,"435,000",30,Data_OM
60189,Bundle 25Mins_Postpaid,Voice,Charged_bundle_Postpaid,30,"5,000",30,Voice_OM
60147,East Africa Monthly_Postpaid_Zero,Voice,Zero_rated_bundle_Postpaid,95,"25,000",30,Voice_OM
6070758,FF_5GB_zero,Data,Zero_rated_bundle,5GB,"7,500",3,FF
6071540,Smartplan Gold staff_1,Combo,Free bundle,[NULL],0,1,Combo
6071877,5G_ODU_Monthly_100Mbps_Zero,Data,Charged_bundle,1536000,"195,000",30,Data_OM
6081018,CREDIT LIMIT - 325K,[NULL],Zero_rated_bundle_postpaid,[NULL],"325,000",30,Voice_OM
6066699,Daily_10MB_Free,Data,Free_bundle,10,0,1,Data_OM
6070846,ADDON_Core_MKT_Zero,Voice,Zero_rated_bundle,15 Mins,500,12,Voice_OM
6000169,Wifi_65GB_IDU,Data,Charged_bundle,65GB,"100,000",30,Data_OM
3600080,Monthly_3GB_Free,Data,Free_bundle,3072,0,30,Data_OM
6000465,BeeraKo_100MBs,Data,Charged_bundle,100 MB,"1,110",1,Data_OM
6300184,CREDIT LIMIT - 3.5K,[NULL],Zero_rated_bundle_postpaid,3500 Airtime,"3,500",30,Voice_OM
6080959,CREDIT LIMIT - 30K,Voice,Zero_rated_bundle_Postpaid,0,0,30,Voice_OM
6070603,4.5GB_No Validity,Data,Charged_bundle,4.5 GB,"16,000",365,Data_OM
3600089,Private_10GB,Data,Charged_bundle,10 GB,"125,000",30,Data_OM
6070540,Weekly_400MB Auto,Data,Charged_bundle,400 MB,"3,500",7,Data_OM
6070917,3Day_3GB_Free,Data,Free_bundle,3221225472,0,3,Data_OM
6071931,Private APN 1Mbps_Postpaid_Auto,[NULL],Charged_bundle,200GB,"5,000",30,Postpaid_Data
6070824,9GB_No_Validity_Zero,Data,Zero_rated_bundle,9 GB,"25,000",365,Data_OM
6071559,Monthly_10000_1_Zero_25pc,Voice,Zero_Rated_Bundle,[NULL],"10,000",1,Voice_OM
6071491,Voice_30 mins,Voice,Charged_bundle,30,"1,000",1,Voice_OM
6081009,CREDIT LIMIT - 280K,Voice,Zero_rated_bundle_Postpaid,0,0,30,Voice_OM
6071672,Weekly_Roaming_1GB_Saudi Arabia_Zero,Data,Zero_rated_bundle,1024,"35,000",7,Data_OM
6071452,5G_Unlimited_50Mbps_zero,Data,Zero_rated_bundle,2147483648,"350,000",720,Data_OM
6070619,Daily_3.5GB_GM Auto,Data,Charged_bundle,5 GB,"5,000",3,Data_OM
6071106,My_Pakalast_Combo_1100,Combo,Charged_bundle,65 Mins 10MB 10SMS,"1,100",1,VMP
6071856,600 Onnet+150 Allnet+12 GB+100 SMS_Auto,Voice,Charged_bundle,[NULL],"30,000",30,Combo
6070947,Wifi_110GB_ODU_Auto,Data,Charged_bundle,110GB,"150,000",30,Data_OM
6071834,4G Smart Connect_Monthly_40GB_Auto,Data,Charged_bundle,[NULL],"50,000",30,Data_OM
6070691,100SMS_Gamification,SMS,Zero_rated_bundle,100,0,1,SMS
[NULL],Weekly_1.5GB_Pelatro_25pc,Data,Charged_bundle,[NULL],0,7,Data_OM
6071891,4GB_zero,Data,Zero_rated_bundle,[NULL],"10,000",30,Data_OM
6071241,Voice_125min_25Pc,Voice,Charged_Bundle,[NULL],"5,000",1,Voice_OM
6071155,3day_2.2GB_Zero,Data,Zero_rated_bundle,2 GB,"5,000",3,Data_OM
6071030,Smartplan_Gold_Plus_Zero,Combo,Zero_rated_bundle,1500 Mins 300Mins Allnet 75GB 1000SMS,"150,000",30,Combo
6000520,300 mins_BTL,Voice,Charged_bundle,300 Mins 150Mins Bonus,"10,000",30,Voice_OM
6048967,Weekly_5GB_LTE_Free,Data,Free_bundle,5120,0,7,Data_OM
6071406,Selfcare_5GB,Data,Charged_bundle,5368709120,"6,500",3,Data_OM
6071042,FH_combo_5,Combo,Charged_bundle,4.2GB 20Mins,"6,500",4,FF
6071075,Voice Chillax_1300 Mins_Zero,Voice,Zero_rated_bundle,1300 Mins,"30,000",365,Voice_OM
6049092,Monthly_Roaming_10GB_ONEAirtel_Zero,Data,Zero_rated_bundle,10GB,"55,000",30,Data_OM
6100002,free_url_unicef_monthly,DATA,Free_bundle,524288000,0,30,Data_OM
6049089,Weekly_Roaming_3GB_GLOBAL,Data,Zero_rated_bundle,3GB,"185,000",15,Data_OM
6071063,Wifi_110GB_Plus_50_bonus_Zero,Data,Zero_rated_bundle,59055800320,0,720,Data_OM
7049021,Weekly_4GB,Data,Charged_bundle,4,"10,000",7,Data_OM
6070624,Wifi_110GB_ODU,Data,Charged_bundle,110GB,"150,000",30,Data_OM
3600070,Monthly_20MB_Free,Data,Free_bundle,20,0,30,Data_OM
6080971,CREDIT LIMIT - 90K,Voice,Zero_rated_bundle_Postpaid,0,0,30,Voice_OM
6070531,Daily_1GB Auto,Data,Charged_bundle,1 GB,"5,000",1,Data_OM
6071400,Kawa_Combo_3_500_Zero,Combo,Zero_rated_bundle,2097152,500,1,Combo
6071910,2GB_2Days,Data,Charged_bundle,2GB,"2,000",2,Data_OM
6070512,Sponsored_data_15GB_ SOROTI_UNIVERSITY,Data,Sponsored_data_bundle,15360,0,30,Data_OM
60088,Postpaid Combo 3_Auto,Voice,Charged_bundle_Postpaid,0,"100,000",30,Combo
6071176,Voice_300min_Auto,Voice,Charged_bundle,[NULL],"10,000",30,Voice_OM
6000399,Bundle_7Mins_Qatar_Zero,Voice,Zero_rated_bundle,7,"5,600",7,Voice_OM
6071892,15GB,Data,Charged_bundle,[NULL],"30,000",30,Data_OM
60033,Postpaid Combo 4_Zero,Voice,Zero_rated_bundle_Postpaid,0,"150,000",30,Combo
6003807,25K Bonus,Voice,Charged_bundle,1200 Mins,"25,000",30,Voice_OM
6070508,Monthly_12GB_DSTV,Data,Charged_bundle,12GB,"30,000",30,Data_OM
6071293,Daily 2000_100Pc_Zero,Voice,Zero_rated_bundle,100mins,"2,000",1,Voice_OM
6071451,5G_Unlimited_50Mbps,Data,Charged_bundle,2147483648,"350,000",720,Data_OM
6070825,20GB_No_Validity_Zero,Data,Zero_rated_bundle,20 GB,"50,000",365,Data_OM
60080,Private_512Kbps_Speed_APN_PostPaid_Auto,Data,Charged_bundle,209715200,"20,000",30,Data_OM
6000131,CUG_RENT25K_131_72000Sec,Voice,Charged_bundle,72000mins,"25,000",30,Voice_OM
6071157,Daily_300MB_SGM_Zero,Data,Zero_rated_bundle,300 MB,500,1,Data_OM
6071924,Monthly 1000 Onnet+100 Allnet+10 GB+50 SMS_Postp,Postpaid_Combo,Charged_bundle,1000 Onnet+100 Allnet+10 GB+50 SMS,"30,000",30,Postpaid_Combo
6070860,Weekly_3GB_Auto,Data,Charged_bundle,3 GB,"10,000",7,Data_OM
6071580,Monthly_3.25GB_100pc_Zero,Data,Zero_Rated_Bundle,[NULL],"10,000",1,Data_OM
6049062,Special_Data_Bundles_4_Medium_Zero,Data,Zero_rated_bundle,2.1GB,"7,200",7,DMP
6071133,"New_Weekly Supa Combo_7,500_Zero",Combo,Zero_rated_bundle,75Mins 2GB 75SMS,"7,500",7,Combo
6071634,Unlimited_Weekly_300mins_FUP_Zero,Voice,Zero_rated_bundle,2100,"6,000",168,Voice_OM
6017863,one and only,Voice,Zero_rated_bundle,0,0,0,Voice_OM
6080990,CREDIT LIMIT - 185K,Voice,Zero_rated_bundle_Postpaid,0,0,30,Voice_OM
6070843,All_Net_Bundle 2000_Zero_CORE,Voice,Zero_rated_bundle,75 Mins Allnetworks,"2,000",1,Voice_OM
6071562,Daily_30MB_100pc_Zero,Data,Zero_Rated_Bundle,[NULL],250,1,Data_OM
6000495,FF_4.25GB_Zero,Data,Zero_rated_bundle,4.25GB,"5,500",1,FF
6071568,Daily_500MB_100pc_Zero,Data,Zero_Rated_Bundle,[NULL],"2,000",1,Data_OM
60050,20GB_No Validity_PostPaid_Zero,Data,Charged_bundle,20971520,"50,000",0,Data_OM
6071608,Daily 2000_1 _Zero,Voice,Zero_Rated_Bundle,[NULL],"2,000",1,Voice_OM
6080976,CREDIT LIMIT - 115K,Voice,Zero_rated_bundle_Postpaid,0,0,30,Voice_OM
6071292,Kawa_100Pc_Zero,Voice,Zero_rated_bundle,10mins,500,1,Voice_OM
60102,New_Private_500MB_PostPaid,Data,Charged_bundle,512000,"25,000",30,Data_OM
6300122,HYBRID ADD ON - 90K,Voice,Zero_rated_bundle_Postpaid,0,0,30,HYBRID
6067127,Monthly_4GB_LTE_Free,Data,Free_bundle,4096,0,30,Data_OM
6070851,Weekly_3GB,Data,Charged_bundle,3 GB,"10,000",7,Data_OM
6071285,Weekly Kawa-3500_100Pc,Voice,Charged_bundle,90mins,"3,500",7,Voice_OM
6071959,5G_ODU_Quarterly_Unlimited_60Mbps_Acquisition,Data,Charged_bundle,[NULL],"350,000",90,Data_OM
6071908,1GB_1Day,Data,Charged_bundle,1GB,"1,000",1,Data_OM
6071649,Voice Combo_5000,Data,Charged_bundle,[NULL],"5,000",3,Data_OM
6080985,CREDIT LIMIT - 160K,Voice,Zero_rated_bundle_Postpaid,0,0,30,Voice_OM
6070654,LFH_1GB,Data,Charged_bundle,1GB,"1,500",1,Data_OM
6071390,7day_600MB_Zero,Data,Zero_rated_bundle,629145600,"1,000",7,Data_OM
6070724,Daily_70MB_Auto,Data,Charged_bundle,70 MB,500,1,Data_OM
6000161,CUG_Rent5k,Voice,Charged_bundle,100mins,"5,000",30,Voice_OM
6070811,45GB_No_Validity,Data,Charged_bundle,45 GB,"100,000",365,Data_OM
6070886,Monthly_24GB_50pc,Data,Charged_bundle,23622320128,"50,000",30,Data_OM
6071905,CUG_3500_Calendar,Voice,Charged_bundle,[NULL],"3,500",30,Voice_OM
6000546,Weekly 400 MB_Combo_BTL_Zero,Data,Zero_rated_bundle,400 MB 30Min Bonus,"3,500",7,Data_OM
[NULL],Weekly_11GB_Pelatro_25pc,Data,Charged_bundle,[NULL],0,7,Data_OM
60200,Roaming_Combo_65K_Postpaid_Zero,Voice,Zero_rated_bundle_Postpaid,100,"65,000",30,Combo
6070895,Weekly_3GB_50pc_Zero,Data,Zero_Rated_Bundle,3072,"10,000",1,Data_OM
6071501,Allnet_Market Combo_30000_zero,COMBO,Zero_rated_bundle,0,"30,000",30,Combo
6071936,Private APN 3Mbps_Postpaid,[NULL],Charged_bundle,300GB,"10,000",30,Postpaid_Data
60184,Bundle_10Mins_Saudi Arabia_Postpaid_Zero,Voice,Zero_rated_bundle_Postpaid,10,"5,950",30,Voice_OM
60029,1000SMS_PostPaid,SMS,Charged_bundle,1000,"5,000",30,SMS
6049041,Special_Data_Bundles_4_Large,Data,Charged_bundle,3.6GB,"11,000",30,DMP
6071177,Pakalast_GM_Auto,Voice,Charged_bundle,[NULL],"1,000",1,Voice_OM
60119,Private_250MB_PostPaid_Auto,Data,Charged_bundle,256000,"14,500",30,Data_OM
6071263,CMB_10K_50Pc,Voice,Charged_bundle,750mins,"10,000",30,Voice_OM
6049075,DMP_36MB,Data,Charged_bundle,36 MB,300,1,Data_OM
[NULL],Monthly_75GB_Pelatro_25pc,Data,Charged_bundle,[NULL],0,30,Data_OM
6071460,5G_Unlimited_40Mbps,Data,Charged_bundle,1536000,"250,000",30,Data_OM
6000543,Kawa_Combo_BTL_Zero,Voice,Zero_rated_bundle,10Mins 40MB Bonus,"1,000",1,Voice_OM
6070616,Gross_Add_offer,Voice,Free_bundle,1,0,24,Voice_OM
6071619,FW_Combo_6GB_Zero,Combo,Zero_Rated_Bundle,[NULL],"8,000",4,FF
6081019,CREDIT LIMIT - 330K,Voice,Zero_rated_bundle_Postpaid,0,0,30,Voice_OM
6071054,FH_combo_6_Zero,Combo,Zero_rated_bundle,4.8GB 20Mins,"7,500",4,FF
6071481,New Growth_Market Combo_2500_1_zero,Combo,Charged_bundle,[NULL],0,1,Combo
6070694,200MB_Gamification,Data,Zero_rated_bundle,209715200,0,2,Data_OM
6000519,125 mins_BTL,Voice,Charged_bundle,125 Mins 60Mins Bonus,"5,000",30,Voice_OM
6070706,WIFI_EBB_120GB_Zero,Data,Zero_rated_bundle,120GB,"210,000",30,Data_OM
6300042,CREDIT LIMIT - 860K,Voice,Zero_rated_bundle_Postpaid,0,0,30,Voice_OM
6071486,New Core_Market Combo_30000_zero,Combo,Charged_bundle,[NULL],0,30,Combo
6071248,Weekly 2000_25Pc_Zero,Voice,Zero_rated_bundle,[NULL],"2,000",7,Voice_OM
6081014,CREDIT LIMIT - 305K,Voice,Zero_rated_bundle_Postpaid,0,0,30,Voice_OM
60089,Postpaid Combo 4_Auto,Voice,Charged_bundle_Postpaid,0,"150,000",30,Combo
6071791,5G_Router_Bi-Annual_Unlimited_30Mbps,Data,Charged_bundle,[NULL],"750,000",180,Data_OM
6071533,Smartplan_Platinum Allnet_Auto,Combo,Charged_Bundle,[NULL],"110,000",1,Combo
6071932,Private APN 1Mbps_Postpaid_Zero,[NULL],Zero_rated_bundle,200GB,"5,000",30,Postpaid_Data
6071855,600 Onnet+150 Allnet+12 GB+100 SMS,Voice,Charged_bundle,[NULL],"30,000",30,Combo
6070725,Daily_170MB,Data,Charged_bundle,170 MB,"1,000",1,Data_OM
6071943,Private APN 5Mbps_Postpaid_Auto,[NULL],Charged_bundle,400GB,"20,000",30,Postpaid_Data
6070823,5.5GB_No_Validity_Zero,Data,Zero_rated_bundle,5.3 GB,"16,000",365,Data_OM
6071500,Allnet_Market Combo_7000_zero,COMBO,Zero_rated_bundle,0,"7,000",7,Combo
6071402,NEW_BOONA Weekly_2500_Zero,Voice,Zero_rated_bundle,35,"2,500",7,Voice_OM
60001,3.25GB_PostPaid_new,Data,Charged_bundle,3489660928,"10,000",30,Data_OM
6080954,CREDIT LIMIT - 5K,Voice,Zero_rated_bundle_Postpaid,0,0,30,Voice_OM
6070681,Sponsored_Data_BSSM_5.12GB,Data,Sponsored_data_bundle,5497558016,0,2160,Data_OM
60034,Postpaid Combo 5_Zero,Voice,Zero_rated_bundle_Postpaid,0,"250,000",30,Combo
6071579,Monthly_3.25GB_100Pc,Data,Charged_Bundle,[NULL],"10,000",1,Data_OM
6071455,100MB_Gamification,DATA,Free_bundle,102400,0,1,Data_OM
6081021,CREDIT LIMIT - 340K,Voice,Zero_rated_bundle_Postpaid,0,0,30,Voice_OM
60117,Private_50MB_PostPaid_Auto,Data,Charged_bundle,51200,"5,600",30,Data_OM
6070638,Booster 300Minutes,Voice,Charged_bundle,300 Mins,"10,000",30,Voice_OM
6071364,5G_Ultra_Monthly_90GB_1GB daily_75K_zero,Data,Zero_rated_bundle,96636764160,"75,000",30,Data_OM
6070942,Wifi_110GB_IDU_Auto,Data,Charged_bundle,110GB,"150,000",30,Data_OM
6049203,CMB_30K_Icontrol,Voice,Charged_bundle,[NULL],"30,000",30,Voice_OM
6071799,5G_Router_Monthly_30Mbps_Zero,Data,Zero_rated_bundle,[NULL],"150,000",30,Data_OM
6000077,CMB_30K,Voice,Charged_bundle,2000 Mins,"30,000",30,Voice_OM
6071281,Daily 2000_100Pc,Voice,Charged_bundle,100mins,"2,000",1,Voice_OM
6080981,CREDIT LIMIT - 140K,Voice,Zero_rated_bundle_Postpaid,0,0,30,Voice_OM
6000480,Sponsored_data_3.41GB_Ndejje_Uni,Data,Sponsored_data_bundle,6291456,0,90,Data_OM
6071896,Daily 3.5GB,Data,Charged_bundle,[NULL],"5,000",1,Data_OM
6071850,150 Onnet+50 Allnet+3 GB+50 SMS_Auto,Voice,Charged_bundle,[NULL],"15,000",30,Combo
6300171,HYBRID ADD ON - 1.5k,[NULL],Zero_rated_bundle_postpaid,1500 Airtime,"1,500",30,HYBRID
60069,3.25GB_PostPaid_new_Auto,Data,Charged_bundle,3489660928,"10,000",30,Data_OM
6070571,Weekly_3.5GB_TV Auto,Data,Charged_bundle,3.5 GB,"10,000",7,Data_OM
6071858,800 Onnet+200 Allnet+20 GB+100 SMS,Voice,Charged_bundle,[NULL],"50,000",30,Combo
6071192,Monthly_75GB,Data,Charged_bundle,75GB,"150,000",30,Data_OM
6070945,Wifi_45GB_IDU_Auto,Data,Charged_bundle,45GB,"75,000",30,Data_OM
6071201,Day_2.6GB_GM_Zero,Data,Zero_rated_bundle,2.6GB,"5,000",7,Data_OM
6070637,Booster 50GB,Data,Charged_bundle,50 GB,"100,000",30,Data_OM
6071310,Private_256Kbps_Speed_APN_Auto,Data,Charged_bundle,209715200,"15,000",30,Data_OM
60198,Africa Daily_Postpaid_Zero,Voice,Zero_rated_bundle_Postpaid,5,"2,500",30,Voice_OM
6071435,75GB_25PC,Data,Charged_bundle,76800,"150,000",720,Data_OM
6070659,LFH_30GB_Zero,Data,Zero_rated_bundle,30GB,"30,000",30,Data_OM
60164,Bundle_10Mins_Saudi Arabia_Postpaid,Voice,Charged_bundle_Postpaid,10,"5,950",30,Voice_OM
6071650,Voice Combo_5000_zero,Data,Zero_rated_bundle,[NULL],"5,000",3,Data_OM
6070798,Sponsored_data_10GB_MOVIT_PRODUCTS_LIMITED,Data,Sponsored_data_bundle,10485760,0,90,Data_OM
6070509,Daily_500MB_DSTV_Zero,Data,Zero_rated_bundle,500MB,"2,000",1,Data_OM
60061,CMB_30K_PostPaid,Voice,Charged_bundle_Postpaid,0,"30,000",30,Data_OM
6070838,AM Voice Bundle,Voice,Charged_bundle,20mins,0,30,Voice_OM
60026,125 SMS,SMS,Charged_bundle,125,"5,000",30,SMS
6071239,CMB_10K_25Pc,Voice,Charged_Bundle,[NULL],"10,000",2,Voice_OM
6071940,Private APN 4Mbps_Postpaid_Auto,[NULL],Charged_bundle,300GB,"15,000",30,Postpaid_Data
6000377,Tanzania,Voice,Charged_bundle,16 Mins,"22,400",30,Voice_OM
6071108,My_Pakalast_Combo_1500,Combo,Charged_bundle,95 Mins 10MB 10SMS,"1,500",1,VMP
6300180,CREDIT LIMIT - 1.5K,[NULL],Zero_rated_bundle_postpaid,1500 Airtime,"1,500",30,Voice_OM
6071294,Kawa 20Mins_100Pc_Zero,Voice,Zero_rated_bundle,20mins,500,1,Voice_OM
6071574,Weekly_1.5GB_100pc_Zero,Data,Zero_Rated_Bundle,[NULL],"5,000",7,Data_OM
6070915,Smartplan_Booster_Offnet,Voice,Charged_bundle,200 Allnetworks,"15,000",30,Voice_OM
6070558,Monthly_1.5GB Auto,Data,Charged_bundle,1.5 GB,"10,000",30,Data_OM
6000174,Wifi_260GB_IDU_Zero,Data,Zero_rated_bundle,260GB,0,30,Data_OM
6071550,Weekly_3500_1_25pc,Voice,Charged_Bundle,[NULL],"3,500",1,Voice_OM
1025118589,CUG 1 month_x000D_,Voice,Charged_bundle,100mins,"1,100",30,Voice_OM
6071227,Weekly_11GB_50pc,Data,Charged_bundle,11811160064,"25,000",7,Data_OM
6070704,WIFI_EBB_200GB,Data,Charged_bundle,200GB,"315,000",30,Data_OM
6070919,3Day_5GB_Free,Data,Free_bundle,5120,0,3,Data_OM
6300131,HYBRID ADD ON - 180K,Voice,Zero_rated_bundle_Postpaid,0,0,30,HYBRID
6080984,CREDIT LIMIT - 155K,Voice,Zero_rated_bundle_Postpaid,0,0,30,Voice_OM
6071076,Voice Chillax_3000 Mins_Zero,Voice,Zero_rated_bundle,3000 Mins,"50,000",365,Voice_OM
6048987,FF_3.5GB_Zero,Data,Zero_rated_bundle,3.5GB,"6,000",3,FF
6000376,Tanzania,Voice,Charged_bundle,4 Mins,"5,600",7,Voice_OM
6071166,FREE_10Mins_,Voice,Free_bundle,10,0,1,Voice_OM
6070580,Monthly_20GB_Smart Auto,Data,Charged_bundle,20 GB,"50,000",30,Data_OM
6071551,Weekly_6000_1_25pc,Voice,Charged_Bundle,[NULL],"6,000",1,Voice_OM
6070682,Sponsored_Data_URA_6GB,Data,Sponsored_data_bundle,6442450944,0,2160,Data_OM
6071713,Mega4day_Combo_8GB_Zero,Data,Zero_rated_bundle,8,"10,000",4,Data_OM
6071721,Xstream Elite Combo_45GB_Zero,Data,Zero_rated_bundle,[NULL],"750,000",30,Data_OM
6071466,New Growth_Market Combo_2500,Combo,Charged_bundle,[NULL],"2,500",1,Combo
6070658,LFH_7GB_Zero,Data,Zero_rated_bundle,7GB,"9,000",7,Data_OM
6071676,Weekly_Roaming_2GB_USA_Zero,Data,Zero_rated_bundle,2048,"20,000",7,Data_OM
6081060,CREDIT LIMIT - 530K,Voice,Zero_rated_bundle_Postpaid,0,0,30,Voice_OM
6070738,All_Net_Combo_2000,Voice,Charged_bundle,20 Mins Allnetwork,"2,000",1,Combo
6070705,WIFI_EBB_50GB_Zero,Data,Zero_rated_bundle,50GB,"110,000",30,Data_OM
6070866,Daily_500MB_Zero,Data,Zero_rated_bundle,500 MB,"2,000",1,Data_OM
6057031,45 SMS_Zero,SMS,Zero_rated_bundle,45 SMS,250,1,SMS
6071453,5G _Unlimited_50Mbps_auto,Data,Charged_bundle,2147483648,"350,000",720,Data_OM
6070625,Wifi_8GB_ODU_Zero,Data,Zero_rated_bundle,8GB,"20,000",30,Data_OM
6000172,Wifi_65GB_IDU_zero,Data,Zero_rated_bundle,65GB,0,30,Data_OM
6071697,Holdmysim_6M,Combo,Charged_bundle,[NULL],"60,000",180,Combo
6071450,5G_Unlimited_30Mbps_auto,Data,Charged_bundle,2147483648,"250,000",720,Data_OM
6070666,Sponsored_data_Classin_10.24GB,Data,Sponsored_data_bundle,10485.76,0,30,Data_OM
6071020,50_SMS,SMS,Charged_bundle,50 SMS,250,1,SMS
6071044,FH_combo_7,Combo,Charged_bundle,6.6GB 20Mins,"10,000",4,FF
6080970,CREDIT LIMIT - 85K,Voice,Zero_rated_bundle_Postpaid,0,0,30,Voice_OM
6049312,FF_3GB,Data,Charged_bundle,3GB,"4,500",1,FF
6071805,5G_Router_Quarterly_Unlimited_30Mbps_Zero,Data,Zero_rated_bundle,[NULL],"405,000",90,Data_OM
6071651,Voice Combo_3000,Data,Charged_bundle,[NULL],"3,000",1,Data_OM
6080993,CREDIT LIMIT - 200K,Voice,Zero_rated_bundle_Postpaid,0,0,30,Voice_OM
60028,25_SMS,SMS,Charged_bundle,25,"1,000",30,SMS
6071953,Daily 90Min5SMS5MB,Voice,Charged_bundle,90Min5SMS5MB,"1,100",1,Voice_OM
6048977,CMB_100k_Zero,Voice,Zero_rated_bundle,4300 Mins,"100,000",30,Voice_OM
60130,Monthly_Roaming_10GB_ONEAirtel1_Postpaid,Data,Charged_bundle,10737418240,"55,000",30,Data_OM
6000368,UAE,Voice,Charged_bundle,32 Mins,"25,600",30,Voice_OM
6070939,Wifi_25GB_IDU_Auto,Data,Charged_bundle,25GB,"50,000",30,Data_OM
6071416,Daily_500MB_25PC_Zero,Data,Zero_rated_bundle,500,"2,000",24,Data_OM
6070527,Daily_40MB Auto,Data,Charged_bundle,40 MB,500,1,Data_OM
6070270,East Africa Large_Zero,Voice,Zero_rated_bundle,40,"12,500",7,Voice_OM
6071154,3day_2.2GB_Auto,Data,Charged_bundle,2 GB,"5,000",3,Data_OM
6071796,5G_Router_Monthly_15Mbps_Zero,Data,Zero_rated_bundle,[NULL],"130,000",30,Data_OM
60128,Weekly_Roaming_1.5GB_ONEAirtel_Postpaid,Data,Charged_bundle,1572864000,"10,000",7,Data_OM
6070710,Daily_EBB_3GB,Data,Charged_bundle,3GB,0,1,Data_OM
6049043,Special_Data_Bundles_6_Large,Data,Charged_bundle,23 GB,"51,000",30,DMP
6080973,CREDIT LIMIT - 100K,Voice,Zero_rated_bundle_Postpaid,0,0,30,Voice_OM
6049097,Daily_Roaming_850MB_ONEAirtel_Zero,Data,Zero_rated_bundle,850MB,"5,000",1,Data_OM
60127,Daily_Roaming_850MB_ONEAirtel_Postpaid,Data,Charged_bundle,870400,"5,000",24,Data_OM
6071600,Kawa Combo_500,Combo,Charged_Bundle,[NULL],500,1,Voice_OM
6049188,Icontrol_Combo_100k,Combo,Charged_bundle,1000mins 1000SMS  9.2GB,"100,000",30,Combo
6071170,kawa_10min_Auto,Voice,Charged_bundle,10,500,1,Voice_OM
6070935,Wifi_8GB_IDU_Zero,Data,Zero_rated_bundle,8GB,"20,000",30,Data_OM
6070662,Sponsored_data_Twinbrooks_15.36GB,Data,Sponsored_data_bundle,15728.64,0,30,Data_OM
6071334,All net Voice Chillax_1300 Mins_Zero,Voice,Zero_rated_bundle,1300,"30,000",365,Voice_OM
6071191,Weekly_11GB,Data,Charged_bundle,11GB,"25,000",7,Data_OM
60092,125 SMS_PostPaid_Auto,SMS,Charged_bundle,125,"5,000",30,SMS
6071700,Holdmysim_6M_Zero,Combo,Zero_rated_bundle,[NULL],"60,000",180,Combo
6066135,Monthly_25MB,Data,Charged_bundle,25MB,"1,500",30,Data_OM
6070733,Daily_2GB_Auto,Data,Charged_bundle,2 GB,"5,000",1,Data_OM
6071335,New Kawa_30min_Zero,Voice,Zero_rated_bundle,[NULL],500,1,Voice_OM
60210,CMB_10K_PostPaid,Voice,Charged_bundle_Postpaid,0,"10,000",30,Voice_OM
6071497,Allnet_Market Combo_30000,COMBO,Charged_bundle,0,"30,000",30,Combo
6070383,Wifi_45GB_ODU,Data,Charged_bundle,45GB,"75,000",30,Data_OM
6000408,Daily_300MB_GM_Zero,Data,Zero_rated_bundle,300 MB,"1,000",1,Data_OM
6071199,Weekly_11GB_Auto,Data,Charged_bundle,11GB,"25,000",7,Data_OM
6300140,HYBRID ADD ON - 550K,[NULL],Voice_postpaid,0,0,30,HYBRID
6071362,5G_Ultra_Monthly_90GB_1GB daily_75K,Data,Charged_bundle,[NULL],"75,000",30,Data_OM
60176,Bundle_5Mins_DRC_Postpaid_Zero,Voice,Zero_rated_bundle_Postpaid,5,"10,000",30,Voice_OM
6080994,CREDIT LIMIT - 205K,Voice,Zero_rated_bundle_Postpaid,0,0,30,Voice_OM
6000483,Sponsored_data_6.67GB_Ernest_cook,Data,Sponsored_data_bundle,7161857966,0,90,Data_OM
6071566,Daily_170MB_100pc_Zero,Data,Zero_Rated_Bundle,[NULL],"1,000",1,Data_OM
6000532,Daily 100 min_BTL_Zero,Voice,Zero_rated_bundle,100 Mins 50Mins Bonus,"2,000",1,Voice_OM
6300117,HYBRID ADD ON - 40K,Voice,Zero_rated_bundle_Postpaid,0,0,30,HYBRID
60009,9GB_No Validity_PostPaid,Data,Charged_bundle,9663676416,"25,000",0,Data_OM
6044825,DataMe2U,Data,Free_bundle,0,0,1,Data_OM
6071704,Weekly_2000_1_Auto,Voice,Charged_bundle,50,"2,000",7,Voice_OM
6049055,Special_Data_Bundles_8_Small_Zero,Data,Zero_rated_bundle,2 GB,"11,000",1,DMP
6049311,FF_3.25GB,Data,Charged_bundle,3.25GB,"5,500",3,FF
60201,CUG_5K_Postpaid,Voice,Charged_bundle_Postpaid,500,"5,000",30,Voice_OM
6071305,Monthly_5G_Unlimited_100Mbps,Data,Charged_bundle,[NULL],"20,000",744,Data_OM
6071234,Kawa 20Mins_25Pc,Voice,Charged_bundle,[NULL],500,1,Voice_OM
6070808,5.5GB_No_Validity,Data,Charged_bundle,5.3 GB,"16,000",365,Data_OM
6071859,800 Onnet+200 Allnet+20 GB+100 SMS_Auto,Voice,Charged_bundle,[NULL],"50,000",30,Combo
6071711,Voice Chillax_30mins_zero,Voice,Zero_rated_bundle,30,"1,000",365,Voice_OM
6071131,"New_SupaCombo_25,000",Combo,Charged_bundle,450Mins 5GB 450 SMS,"25,000",30,Combo
6071343,HBB_Monthly_25GB_0.5GB_daily_zero,Data,Zero_rated_bundle,26843545600,"50,000",30,Data_OM
3600074,Monthly_250MB_Free,Data,Free_bundle,250,0,30,Data_OM
60066,Voice Bundle 1_PostPaid_Zero,Voice,Zero_rated_bundle_Postpaid,0,"5,600",30,Voice_OM
6071493,Voice_30 mins_zero,Voice,Zero_rated_bundle,30,"1,000",1,Voice_OM
6070578,Monthly_1.5GB_Smart Auto,Data,Charged_bundle,1.5 GB,"10,000",30,Data_OM
6070511,Monthly_12GB_DSTV_Zero,Data,Zero_rated_bundle,12GB,"30,000",30,Data_OM
6071539,Smartplan_Platinum_Plus Allnet_Auto,Combo,Charged_bundle,[NULL],"250,000",30,Combo
60214,2.5GB_No Validity_PostPaid_Zero,Data,Zero_rated_bundle,2684354560,"7,500",0,Data_OM
60060,CMB_50K_PostPaid,Voice,Charged_bundle_Postpaid,0,"50,000",30,Voice_OM
6071215,FH_combo_8,Combo,Charged_bundle,[NULL],"6,000",3,FF
6071208,Chillax_17GB_Zero,Data,Zero_rated_bundle,17GB,"50,000",365,Data_OM
6071262,Weekly Pakalast-6k_50Pc,Voice,Charged_bundle,225mins,"6,000",7,Voice_OM
6000489,FF_4.25GB,Data,Charged_bundle,4.25GB,"5,500",1,FF
6081074,CREDIT LIMIT - 600K,Voice,Zero_rated_bundle_postpaid,0,0,30,HYBRID
6300116,HYBRID ADD ON - 30K,Voice,Zero_rated_bundle_Postpaid,0,0,30,HYBRID
6000521,Daily 300 MBs_BTL,Data,Charged_bundle,300 MB 150MB Bonus,"2,000",1,Data_OM
6070526,Daily_15MB Auto,Data,Charged_bundle,15 MB,250,1,Data_OM
6071506,Sponsored_Data_Nugsoft_8.53GB,DATA,Sponsored_data_bundle,9162596898,0,90,Data_OM
6071238,Weekly Pakalast-6k_25Pc,Voice,Charged_Bundle,[NULL],"6,000",1,Voice_OM
6081012,CREDIT LIMIT - 295K,Voice,Zero_rated_bundle_Postpaid,[NULL],0,30,Voice_OM
6070736,Sponsored_Data_ENSIBUUKO_3GB,Data,Sponsored_data_bundle,3145728,0,90,Data_OM
6300119,HYBRID ADD ON - 60K,Voice,Zero_rated_bundle_Postpaid,0,0,30,HYBRID
6071442,5G_Unlimited_10Mbps,Data,Charged_bundle,1073741824,"130,000",720,Data_OM
6071105,My_Pakalast_Combo_800,Combo,Charged_bundle,45 Mins 10MB 10SMS,800,1,VMP
6071585,Monthly_48GB_100Pc,Data,Charged_Bundle,[NULL],"100,000",1,Data_OM
6000491,FFF_combo_4.7GB,Combo,Charged_bundle,4.7GB 20Mins,"7,500",3,FF
6080957,CREDIT LIMIT - 20K,Voice,Zero_rated_bundle_Postpaid,0,0,30,Voice_OM
6071304,Monthly_5G_Unlimited_80Mbps,Data,Zero_rated_bundle,[NULL],"10,000",30,Data_OM
6071962,5G_ODU_Monthly_15Mbps_Acquisition,Data,Charged_bundle,[NULL],"100,000",30,Data_OM
6071049,FF_5_Zero,Data,Zero_rated_bundle,4GB,"5,500",3,FF
6071795,5G_Router_Monthly_15Mbps_Auto,Data,Charged_bundle,[NULL],"130,000",30,Data_OM
6071440,1GB_Tiktok_Bundle,Data,Charged_bundle,1048576,"2,000",24,Data_OM
3600082,5GB_Free,Data,Free bundle,5120,0,30,Data_OM
6067917,New_Private_200GB,Data,Charged_bundle,200 GB,"2,300,000",30,Data_OM
6300185,CREDIT LIMIT - 4K,[NULL],Zero_rated_bundle_postpaid,4000 Airtime,"4,000",30,Voice_OM
6071024,120_SMS_Daily_Plus_Zero,SMS,Zero_rated_bundle,120 SMS,500,1,SMS
6071857,600 Onnet+150 Allnet+12 GB+100 SMS_Zero,Voice,Zero_rated_bundle,[NULL],"30,000",30,Combo
60199,Bundle 11Mins_Postpaid_Zero,Voice,Zero_rated_bundle_Postpaid,10,"5,000",30,Voice_OM
6070719,Daily_30MB,Data,Charged_bundle,30 MB,250,1,Data_OM
6071417,Daily_1.5GB_25PC,Data,Charged_bundle,1536,"3,000",24,Data_OM
6071200,Monthly_75GB_Auto,Data,Charged_bundle,75GB,"150,000",30,Data_OM
6071583,Monthly_22GB_100Pc,Data,Charged_Bundle,[NULL],"50,000",1,Data_OM
6080995,CREDIT LIMIT - 210K,Voice,Zero_rated_bundle_Postpaid,0,0,30,Voice_OM
6071382,NEW_My_Pakalast_Combo_650_Zero,Combo,Zero_rated_bundle,5242880,650,1,VMP
6071360,Sponsored_data_World_Vision Uganda_11.5GB,Data,Sponsored_data_bundle,12348030976,0,2160,Data_OM
6071437,NEW_Pakalast_GM,Voice,Charged_bundle,60,"1,000",24,Voice_OM
7049034,Monthly_500MB,Data,Charged_bundle,500MB,"5,000",30,Data_OM
6071865,5G_ODU_Bi-Annual_Unlimited_60Mbps,Data,Charged_bundle,6144000,"650,000",180,Data_OM
6071507,Voice_40_mins,Voice,Charged_bundle,40,"1,000",1,Voice_OM
6070922,Data_addon_40MB,Data,Charged_bundle,40 MB,150,1,Data_OM
3600048,Private_250MB,Data,Charged_bundle,250 MB,"14,500",30,Data_OM
6000456,Daily_500MB_TV,Data,Charged_bundle,500MB,"2,000",1,Data_OM
60104,Private_5GB_PostPaid,Data,Charged_bundle,5242880,"64,000",30,Data_OM
6000469,USA_Zero_Monthly,Voice,Zero_rated_bundle,100,"10,000",30,Voice_OM
6071119,My_Pakalast_Combo_750_Zero,Combo,Zero_rated_bundle,35 Mins 10MB 10SMS,750,1,VMP
6070889,Daily_30MB_50pc_Zero,Data,Zero_rated_bundle,31457280,250,1,Data_OM
6071118,My_Pakalast_Combo_650_Zero,Combo,Zero_rated_bundle,25 Mins 5MB 10SMS,650,1,VMP
60013,Private_1.5GB_PostPaid,Data,Charged_bundle,1572864,"20,000",30,Data_OM
60086,Postpaid Combo 1_Auto,Voice,Charged_bundle_Postpaid,0,"30,000",30,Combo
6000527,Kawa_Combo_BTL,Combo,Charged_bundle,10Mins 40MB Bonus,500,1,Voice_OM
6071158,Daily_300MB_SGM_Auto,Data,Charged_bundle,300 MB,500,1,Data_OM
6000471,INDIA_Monthly_Zero,Voice,Zero_rated_bundle,100,"10,000",30,Voice_OM
6070739,All_Net_Bundle_1000 _Zero,Voice,Zero_rated_bundle,20 Mins Allnetworks,"1,000",1,Voice_OM
6071373,NEW _My_Pakalast_Combo_200,Combo,Charged_bundle,5242880,200,1,VMP
6070753,FF_combo_3.8GB,Combo,Charged_bundle,3.8GB 20Mins,"10,000",3,FF
6070615,CMB_10K,Voice,Charged_bundle,750 Mins,"10,000",14,Voice_OM
3600079,Monthly_2GB_Free,Data,Free_bundle,2048,0,30,Data_OM
60149,USA_Monthly_Postpaid,Voice,Charged_bundle_Postpaid,100,"10,000",30,Voice_OM
6049184,Wifi_160GB_ODU,Data,Charged_bundle,160GB,"200,000",30,Data_OM
60075,Private_1.5GB_PostPaid_Auto,Data,Charged_bundle,1572864,"20,000",30,Data_OM
6000485,Sponsored_data_65GB_MOH_KPMG,Data,Sponsored_data_bundle,66560,0,30,Data_OM
60144,East Africa Monthly_Postpaid,Voice,Charged_bundle_Postpaid,95,"25,000",30,Voice_OM
6300178,CREDIT LIMIT - 500,[NULL],Zero_rated_bundle_postpaid,500 Airtime,500,30,Voice_OM
7049020,Weekly 20GB,Data,Zero_rated_bundle,20480,"15,000",7,Data_OM
3600072,Monthly_100MB_Free,Data,Free_bundle,100,0,30,Data_OM
6071461,5G_Unlimited_40Mbps_zero,Data,Zero_rated_bundle,1536000,"250,000",30,Data_OM
6071198,Day_2.6GB_GM_Auto,Data,Charged_bundle,2.6GB,"5,000",3,Data_OM
60002,79B_PostPaid,Data,Charged_bundle,84825604096,"150,000",30,Data_OM
60091,10 SMS_PostPaid_Auto,SMS,Charged_bundle,10,500,30,SMS
3600003,150MB_No_Validity,Data,Charged_bundle,150 MB,"1,000",365,Data_OM
6071303,Monthly_5G_Unlimited_60Mbps,Data,Charged_bundle,[NULL],"5,000",744,Data_OM
6071571,Daily_1.5GB_100Pc,Data,Charged_Bundle,[NULL],"3,000",1,Data_OM
6070536,Data_Tooti_50MB Auto,Data,Charged_bundle,50 MB,500,1,Data_OM
6071142,Voice Allnet Monthly_10000,Voice,Charged_bundle,160 Allnetworks,"10,000",30,Voice_OM
60057,Private_256Kbps_Speed_APN_PostPaid_Zero,Data,Zero_rated_bundle,209715200,"15,000",30,Data_OM
6071395,Kawa_Combo_1_500,Combo,Charged_bundle,5242880,500,1,Combo
6070529,Daily_300MB Auto,Data,Charged_bundle,300 MB,"2,000",1,Data_OM
6000537,Daily 300 MBs_BTL_Zero,Data,Zero_rated_bundle,300 MB 150MB Bonus,"2,000",1,Data_OM
6081023,CREDIT LIMIT - 350K,Voice,Zero_rated_bundle_Postpaid,0,0,30,Voice_OM
6071708,Sponsored_CISSY_TECHNOLOGIES_2.05GB,Data,Sponsored_data_bundle,1024,0,90,Data_OM
6071588,Monthly_75GB_100pc_Zero,Data,Zero_Rated_Bundle,[NULL],"150,000",1,Data_OM
60141,Roaming_Combo_25k_Postpaid_Zero,Voice,Zero_rated_bundle_Postpaid,60,"25,000",30,Combo
6081007,HYBRID ADD ON - 0K,Voice,Zero_rated_bundle_Postpaid,[NULL],0,30,HYBRID
60048,5.3GB_No Validity_PostPaid_Zero,Data,Zero_rated_bundle,5690831667,"16,000",0,Data_OM
6070560,Monthly_20GB Auto,Data,Charged_bundle,20 GB,"50,000",30,Data_OM
6070853,Weekly_10GB,Data,Charged_bundle,10 GB,"23,000",7,Data_OM
6070880,Weekly_1.76GB_50pc,Data,Charged_bundle,1.76GB,"5,000",7,Data_OM
6070826,45GB_No_Validity_Zero,Data,Zero_rated_bundle,45 GB,"100,000",365,Data_OM
6070573,Weekly_150MB_Smart Auto,Data,Charged_bundle,150 MB,"2,000",7,Data_OM
3600094,Private_LL_50GB,Data,Charged_bundle,50 GB,"615,000",30,Data_OM
60035,10 SMS_Zero,SMS,Zero_rated_bundle,10,500,30,SMS
6071698,Holdmysim_12M,Combo,Charged_bundle,[NULL],"100,000",360,Combo
6035917,CUG_25K_CMB (6035917),Voice,Charged_bundle,1200mins,"25,000",30,Voice_OM
6071445,5G_Unlimited_20Mbps,Data,Charged_bundle,1073741824,"170,000",720,Data_OM
6071479,New Growth_Market Combo_7000_zero,Combo,Charged_bundle,[NULL],0,7,Combo
6300114,HYBRID ADD ON - 10K,Voice,Zero_rated_bundle_Postpaid,0,0,30,HYBRID
60065,CMB_30K_PostPaid_Zero,Voice,Zero_rated_bundle_Postpaid,0,"30,000",30,Voice_OM
6000078,CUG_10K_PKG,Voice,Charged_bundle,100mins,"10,000",30,Voice_OM
6000448,Booster 5GB,Data,Charged_bundle,5 GB,"10,000",30,Data_OM
6071312,Smartplan_Platinum_Plus_Auto,Combo,Charged_bundle,[NULL],"250,000",744,Combo
6070864,Monthly_12GB_Auto,Data,Charged_bundle,12 GB,"30,000",30,Data_OM
6067897,New_Private_500MB,Data,Charged_bundle,500 MB,"25,000",30,Data_OM
6070636,Booster 20GB,Data,Charged_bundle,20 GB,"50,000",30,Data_OM
6071125,My_Pakalast_Combo_1900_Zero,Combo,Zero_rated_bundle,135 Mins 20MB 30SMS,"1,900",1,VMP
6081049,CREDIT LIMIT - 475K,Voice,Zero_rated_bundle_Postpaid,0,0,30,Voice_OM
6070932,Data_addon_1.5GB_Zero,Data,Zero_rated_bundle,5GB,"1,500",1,Data_OM
6000389,Bundle_5Mins_DRC_Zero,Voice,Zero_rated_bundle,5,"10,000",7,Voice_OM
6071613,Sponsored Data _Planet Systems,Data,Sponsored_data_bundle,1024,0,90,Data_OM
6071887,Weekly 5GB_zero,Data,Zero_rated_bundle,[NULL],"10,000",7,Data_OM
6000400,Bundle_30Mins_Qatar_Zero,Voice,Zero_rated_bundle,30,"24,000",30,Voice_OM
60027,50 SMS,SMS,Charged_bundle,50,"2,000",30,SMS
60036,125 SMS_Zero,SMS,Zero_rated_bundle,125,"5,000",30,SMS
6071798,5G_Router_Monthly_30Mbps_Auto,Data,Charged_bundle,[NULL],"150,000",30,Data_OM
60169,USA_Postpaid_Zero_Monthly,Voice,Zero_rated_bundle_Postpaid,100,"10,000",30,Voice_OM
60177,Bundle_20Mins_DRC_Postpaid_Zero,Voice,Zero_rated_bundle_Postpaid,20,"40,000",30,Voice_OM
60175,Bundle_32Mins_UAE_Postpaid_Zero,Voice,Zero_rated_bundle_Postpaid,32,"25,600",30,Voice_OM
6071888,Weekly 15GB,Data,Charged_bundle,[NULL],"25,000",30,Data_OM
6071341,HBB_Monthly_25GB_0.5GB_daily_50K,Data,Charged_bundle,26843545600,"50,000",30,Data_OM
6071134,"New_Weekly Supa Combo_10,000_Zero",Combo,Zero_rated_bundle,100 Mins 3GB 100SMS,"10,000",7,Combo
6000446,Weekly_3.5GB_TV_Zero,Data,Zero_rated_bundle,3.5GB,"10,000",7,Data_OM
6000171,Wifi_260GB_IDU,Data,Charged_bundle,260GB,"300,000",30,Data_OM
6071961,5G_ODU_Monthly_60Mbps_Acquisition,Data,Charged_bundle,[NULL],"130,000",30,Data_OM
6000409,Daily_1GB_GM_Zero,Data,Zero_rated_bundle,1 GB,"2,000",2,Data_OM
6070627,Wifi_45GB_ODU_Zero,Data,Zero_rated_bundle,45GB,"75,000",30,Data_OM
6070996,SponsoreddataImpigerTechnologiesPvtLimited_4.73GB,Data,Sponsored_data_bundle,5078798336,0,2160,Data_OM
6000536,300 mins_BTL_Zero,Voice,Zero_rated_bundle,300 Mins 150Mins Bonus,"10,000",30,Voice_OM
6300138,HYBRID ADD ON - 450K,Voice,Zero_rated_bundle_Postpaid,0,0,30,HYBRID
6071653,Voice Combo_2000,Data,Charged_bundle,[NULL],"2,000",2,Data_OM
6071558,Weekly_6000_1_Zero_25pc,Voice,Zero_Rated_Bundle,[NULL],"6,000",1,Voice_OM
6071894,Daily 1 GB,Data,Charged_bundle,[NULL],"2,000",1,Data_OM
6071655,Voice Combo_1000,Data,Charged_bundle,[NULL],"1,000",1,Data_OM
6071000,Voice ALL net offer_700,Voice,Charged_bundle,20 Mins Allnetworks,700,1,Voice_OM
6070976,DMP_100_Zero,Data,Zero_rated_bundle,100MB,700,1,DMP
6071582,Monthly_12GB_100pc_Zero,Data,Zero_Rated_Bundle,[NULL],"30,000",1,Data_OM
6070882,Weekly_6.6GB_50pc,Data,Charged_bundle,5905580032,"15,000",7,Data_OM
6071126,My_Pakalast_Combo_2100_Zero,Combo,Zero_rated_bundle,165 Mins 20MB 30SMS,"2,100",1,VMP
6070708,Daily_EBB_500MB,Data,Charged_bundle,500 MB,0,1,Data_OM
6071691,DataPlusWeekly_280MB,Data,Charged_bundle,280MB,"1,000",7,Data_OM
6000101,CUG_RENT0_101,Voice,Zero_rated_bundle,[NULL],0,30,Voice_OM
6049007,Voice_300min_Zero,Voice,Zero_rated_bundle,300 Mins,"10,000",30,Voice_OM
6045284,USA,Voice,Charged_bundle,60 Mins,"7,500",1,Voice_OM
6071956,Daily 70Min5SMS5MB_zero,Voice,Zero_rated_bundle,70Min5SMS5MB,"1,100",1,Voice_OM
6071659,Monthly_Roaming_3GB_China,Data,Charged_bundle,3072,"115,000",30,Data_OM
6049078,Weak Geo_20min,Voice,Charged_bundle,20 Mins,500,1,Voice_OM
6071323,Icontrol_Combo_100K_Calendar,Combo,Charged_bundle,[NULL],"100,000",30,Combo
6071392,7day_1.5GB_Zero,Data,Zero_rated_bundle,1610612736,"2,000",7,Data_OM
6000507,FH_Combo 2,Combo,Charged_bundle,3.3GB 20Mins,"6,500",4,FF
6071413,Daily_170MB_25PC,Data,Charged_bundle,170,"1,000",24,Data_OM
6057021,50 SMS_Zero,SMS,Zero_rated_bundle,50 SMS,"2,000",30,SMS
60186,Bundle_7Mins_Qatar_Postpaid_Zero,Voice,Zero_rated_bundle_Postpaid,7,"5,600",30,Voice_OM
6000522,Daily 3 GB_BTL,Data,Charged_bundle,3072 MB 600MB Bonus,"10,000",1,Data_OM
6071120,My_Pakalast_Combo_800_Zero,Combo,Zero_rated_bundle,45 Mins 10MB 10SMS,800,1,VMP
6070840,1.5GB_No_Validitys,Data,Charged_bundle,1.5 GB,"5,000",365,Data_OM
60098,Private_PM_3GB_PostPaid,Data,Charged_bundle,3145728,"20,000",30,Data_OM
6071344,HBB_Monthly_45GB_1GB_daily_75K,Data,Charged_bundle,48318382080,"75,000",30,Data_OM
6071581,Monthly_12GB_100Pc,Data,Charged_Bundle,[NULL],"30,000",1,Data_OM
6071115,My_Pakalast_Combo_300_Zero,Combo,Zero_rated_bundle,12 Mins 5MB 10SMS,300,1,VMP
6071095,1000SMS_Calendar,SMS,Charged_bundle,1000,"5,000",30,SMS
6071871,5G_ODU_Quarterly_Unlimited_60Mbps,Data,Charged_bundle,3072000,"350,000",90,Data_OM
6080979,CREDIT LIMIT - 130K,Voice,Zero_rated_bundle_Postpaid,0,0,30,Voice_OM
6070726,Daily_170MB_Zero,Data,Zero_rated_bundle,170 MB,"1,000",1,Data_OM
6071117,My_Pakalast_Combo_550_Zero,Combo,Zero_rated_bundle,25 Mins 5MB 10SMS,550,1,VMP
6049316,FF_3GB_Zero,Data,Zero_rated_bundle,3GB,"4,500",1,FF
60025,10 SMS,SMS,Charged_bundle,10,500,30,SMS
6071010,DMP_50MB_Zero,Data,Zero_rated_bundle,50 MB,400,1,DMP
6071291,Pakalast_100Pc_Zero,Voice,Zero_rated_bundle,30mins,"1,000",30,Voice_OM
6070854,Monthly_3.25GB,Data,Charged_bundle,3.25 GB,"10,000",30,Data_OM
6300132,HYBRID ADD ON - 190K,Voice,Zero_rated_bundle_Postpaid,0,0,30,HYBRID
6070583,Monthly_65GB_Smart Auto,Data,Charged_bundle,65 GB,"150,000",30,Data_OM
6000472,China,Voice,Charged_bundle,100 Mins,"10,000",30,Voice_OM
6070762,FFF_combo_6.5GB_Zero,Combo,Zero_rated_bundle,6.5GB 20Mins,"10,000",3,FF
6071847,Weekly 100 Onnet+50 Allnet+4 GB+25 SMS_Auto,Voice,Charged_bundle,[NULL],"10,000",7,Combo
6070898,Monthly_3.5GB_50pc_Zero,Data,Zero_rated_bundle,3489660928,"10,000",30,Data_OM
6071267,Pakalast_50Pc_Zero,Voice,Zero_rated_bundle,30mins,"1,000",30,Voice_OM
6071854,400 Onnet+100 Allnet+10 GB+100 SMS_Zero,Voice,Zero_rated_bundle,[NULL],"30,000",30,Combo
6080963,CREDIT LIMIT - 50K,Voice,Zero_rated_bundle_Postpaid,0,0,30,Voice_OM
6000531,Pakalast_BTL_Zero,Voice,Zero_rated_bundle,30 Mins 15 Mins Bonus,"1,000",1,Voice_OM
6000011,125 SMS,SMS,Charged_bundle,125 SMS,"5,000",30,SMS
6070626,Wifi_25GB_ODU_Zero,Data,Zero_rated_bundle,25GB,"50,000",30,Data_OM
6071045,FF_1_Zero,Data,Zero_rated_bundle,2GB,"4,000",1,FF
6049064,Special_Data_Bundles_6_Medium_Zero,Data,Zero_rated_bundle,6.3GB,"16,000",7,DMP
6070806,Monthly_12GB,Data,Charged_bundle,12GB,"30,000",30,Data_OM
60015,New_Private_5GB_PostPaid,Data,Charged_bundle,5242880,"45,000",30,Data_OM
6070872,Monthly_3.25GB_Zero,Data,Zero_rated_bundle,3.25 GB,"10,000",30,Data_OM
6071692,DataPlusWeekly_280MB_Zero,Data,Zero_rated_bundle,280MB,"1,000",7,Data_OM
6071702,Holdmysim_24M_Zero,Combo,Zero_rated_bundle,[NULL],"160,000",720,Combo
6071378,NEW_My_Pakalast_Combo_400_Zero,Combo,Zero_rated_bundle,5242880,400,1,VMP
6071621,FW_Combo_8GB_Zero,Combo,Zero_Rated_Bundle,[NULL],"10,000",4,FF
6070569,Monthly_12GB_DSTV Auto,Data,Charged_bundle,12 GB,"30,000",30,Data_OM
6000426,Sponsored_data_6TB_MUK,Data,Sponsored_data_bundle,6291456,0,30,Data_OM
6071235,Pakalast 50Mins_25Pc,Voice,Charged_bundle,[NULL],"1,000",30,Voice_OM
6000369,DRC,Voice,Charged_bundle,5 Mins,"10,000",7,Voice_OM
6071893,15GB_zero,Data,Zero_rated_bundle,[NULL],"30,000",30,Data_OM
6070836,Monthly_79GB_Auto,Data,Charged_bundle,79 GB,"150,000",30,Data_OM
6000049,50 SMS,SMS,Charged_bundle,50 SMS,"2,000",30,SMS
6071332,All net Voice Chillax_90 Mins_Zero,Voice,Zero_rated_bundle,90,"5,000",365,Voice_OM
6049065,Special_Data_Bundles_7_Medium_Zero,Data,Zero_rated_bundle,9.4 GB,"21,000",7,DMP
6070403,Weekly Voice 45Mins_Zero,Voice,Zero_rated_bundle,45 Mins,"2,000",7,Voice_OM
60116,Private_PM_3GB_PostPaid_Auto,Data,Charged_bundle,3145728,"20,000",30,Data_OM
6071615,FW_Combo_4.5_Zero,Combo,Zero_Rated_Bundle,[NULL],"6,000",4,FF
6300142,HYBRID ADD ON - 650K,[NULL],Zero_rated_bundle_postpaid,[NULL],"600,000",30,HYBRID
6081015,CREDIT LIMIT - 310K,[NULL],Zero_rated_bundle_postpaid,[NULL],"310,000",30,Voice_OM
6071031,Smartplan_Platinum_Plus,Combo,Charged_bundle,1500 Mins 300Mins Allnet 150GB 1000SMS,"250,000",30,Combo
6071269,Daily 2000_50Pc_Zero,Voice,Zero_rated_bundle,100mins,"2,000",1,Voice_OM
6070568,Weekly_3.5GB_DSTV Auto,Data,Charged_bundle,3.5 GB,"10,000",7,Data_OM
6070266,Bundle 200Mins_Zero,Voice,Zero_rated_bundle,150 Mins,"20,000",30,Voice_OM
6000,CUG_RENT10K_110,Voice,Charged_bundle,100mins,"10,000",30,Voice_OM
6070174,Daily_Micro_1GB,Data,Zero_rated_bundle,1073741824,0,24,Data_OM
6071474,New Core_Market Combo_30000,Combo,Charged_bundle,[NULL],"30,000",30,Combo
6071946,Daily 9Min_zero,Voice,Zero_rated_bundle,9Min,550,1,Voice_OM
6071252,CMB 30K_25Pc_Zero,Voice,Zero_rated_bundle,[NULL],"30,000",30,Voice_OM
6000486,Sponsored_data_15GB_Centenary_bank,Data,Sponsored_data_bundle,16106127360,0,90,Data_OM
6300141,HYBRID ADD  ON - 600K,[NULL],Zero_rated_bundle_postpaid,[NULL],"600,000",30,HYBRID
6071247,Pakalast 50Mins_25Pc_Zero,Voice,Zero_rated_bundle,[NULL],"1,000",30,Voice_OM
60105,Private_1GB_PostPaid_Zero,Data,Zero_rated_bundle,1048576,"12,000",30,Data_OM
6071333,All net Voice Chillax_200 Mins_Zero,Voice,Zero_rated_bundle,200,"10,000",365,Voice_OM
60134,Weekly_Roaming_1GB_GLOBAL_Postpaid_Zero,Data,Zero_rated_bundle,1073741824,"110,000",168,Data_OM
6071800,5G_Router_Quarterly_Unlimited_15Mbps,Data,Charged_bundle,[NULL],"350,000",90,Data_OM
6049096,Roaming_Combo_65K,Combo,Charged_bundle,25mins 500MB,"65,000",30,Combo
6071297,Weekly Kawa-3500_100Pc_Zero,Voice,Zero_rated_bundle,90mins,"3,500",7,Voice_OM
6300120,HYBRID ADD ON - 70K,Voice,Zero_rated_bundle_Postpaid,0,0,30,HYBRID
60004,12GB_PostPaid,Data,Charged_bundle,12884901888,"30,000",30,Data_OM
6071414,Daily_170MB_25PC_Zero,Data,Zero_rated_bundle,170,"1,000",24,Data_OM
6071007,DMP_50MB,Data,Charged_bundle,50 MB,400,1,DMP
6049249,Recharge Bonus_2000MB_111Mins_30,Voice,Zero_rated_bundle,0,0,0,Combo
6071848,Weekly 100 Onnet+50 Allnet+4 GB+25 SMS_Zero,Voice,Zero_rated_bundle,[NULL],"10,000",7,Combo
60024,Postpaid Combo 5,Voice,Charged_bundle_Postpaid,0,"250,000",30,Combo
6071477,New Core_Market Combo_30000_1,Combo,Charged_bundle,[NULL],"30,000",30,Combo
6070563,Quarterly_4GB Auto,Data,Charged_bundle,4GB,"39,000",90,Data_OM
6070850,Weekly_1.5GB,Data,Charged_bundle,1.5 GB,"5,000",7,Data_OM
6071143,Voice Allnet Monthly_20000,Voice,Charged_bundle,400 Allnetworks,"20,000",30,Voice_OM
60122,Private_5GB_PostPaid_Auto,Data,Charged_bundle,5242880,"64,000",30,Data_OM
6071229,Weekly_11GB_50pc_Zero,Data,Zero_rated_bundle,11811160064,"25,000",7,Data_OM
6070556,Weekly_7GB Auto,Data,Charged_bundle,7 GB,"20,000",7,Data_OM
6071186,"New_Weekly Supa Combo_7,500_Auto",Combo,Charged_bundle,[NULL],"7,500",7,Combo
6071818,5G_ODU_Quarterly_Unlimited_15Mbps,Data,Charged_bundle,1536000,"270,000",90,Data_OM
6071327,All netVoice Chillax_200 Mins,Voice,Charged_bundle,200,"10,000",365,Voice_OM
6071543,Smartplan Platinum Plus Staff_1,Combo,Free bundle,[NULL],0,1,Combo
6070595,Wifi_160GB_IDU_Auto,Data,Charged_bundle,160GB,"200,000",30,Data_OM
6070926,Data_addon_1.5GB,Data,Charged_bundle,5GB,"1,500",1,Data_OM
6071316,Smartplan_Gold_Calendar,Combo,Charged_bundle,[NULL],"60,000",37,Combo
6071415,Daily_500MB_25PC,Data,Charged_bundle,500,"2,000",24,Data_OM
6071121,My_Pakalast_Combo_1100_Zero,Combo,Zero_rated_bundle,65 Mins 10MB 10SMS,"1,100",1,VMP
6080968,CREDIT LIMIT - 75K,Voice,Zero_rated_bundle_Postpaid,0,0,30,Voice_OM
7049010,Daily_3GB,Data,Charged_bundle,[NULL],"10,000",1,Data_OM
6071290,Voice_300min_100Pc,Voice,Charged_bundle,300mins,"10,000",30,Voice_OM
60162,Bundle_5Mins_oman_Postpaid,Voice,Charged_bundle_Postpaid,5,"7,250",30,Voice_OM
6000530,Kawa_BTL_Zero,Voice,Zero_rated_bundle,10 Mins 5 Mins Bonus,500,1,Voice_OM
6071598,Weekly_11GB_Pelatro,[NULL],Zero_rated_bundle,11,0,7,Data_OM
6070677,Showmax_1GB,Data,Zero_rated_bundle,1048576,0,7,Data_OM
6070900,Monthly_24GB_50pc_Zero,Data,Zero_rated_bundle,23622320128,"50,000",30,Data_OM
6000508,FH_Combo 3,Combo,Charged_bundle,3.8GB 20Mins,"7,500",4,FF
6070171,Monthly_51GB_Free,Data,Free_bundle,51 Free,0,30,Data_OM
6000482,Bundle-Offnet_Onnet_2,Voice,Charged_bundle,10 Mins Allnetworks,500,1,Voice_OM
6051430,BeeraKo_Kawa,Voice,Charged_bundle,6 Mins,555,12,Voice_OM
6070925,Data_addon_250MB,Data,Charged_bundle,250 MB,600,1,Data_OM
6071403,NEW_BOONA Weekly_5000,Voice,Charged_bundle,100,"5,000",7,Voice_OM
60185,Bundle_40Mins_Saudi Arabia_Postpaid_Zero,Voice,Zero_rated_bundle_Postpaid,40,"23,800",30,Voice_OM
6071296,Weekly 2000_100Pc_Zero,Voice,Zero_rated_bundle,45mins,"2,000",7,Voice_OM
1825118939,CUG 3 month,Voice,Charged_bundle,[NULL],"2,000",30,Voice_OM
6070702,WIFI_EBB_50GB,Data,Charged_bundle,50GB,"110,000",30,Data_OM
3600096,Private_PM_3GB,Data,Charged_bundle,3 GB,"20,000",30,Data_OM
60140,Monthly_Roaming_10GB_ONEAirtel1_Postpaid_Zero,Data,Zero_rated_bundle,10737418240,"55,000",30,Data_OM
6070620,Daily_250MB_GM Auto,Data,Charged_bundle,250 MB,"1,000",1,Data_OM
6071181,BOONA Weekly_5000_Auto,Voice,Charged_bundle,[NULL],"5,000",7,Voice_OM
6000511,FH_Combo 2_Zero,Combo,Zero_rated_bundle,3.3GB 20Mins,"6,500",4,FF
6071902,150 Onnet+50 Allnet+6 GB+50 SMS_Auto,Combo,Charged_bundle,[NULL],"15,000",30,Combo
6071941,Private APN 4Mbps_Postpaid_Zero,[NULL],Zero_rated_bundle,300GB,"15,000",30,Postpaid_Data
60126,Monthly_Roaming_10GB_GLOBAL_Postpaid,Data,Charged_bundle,10737418240,"550,000",30,Data_OM
6071829,4G Smart Connect_Weekly _5GB_Zero,Data,Zero_rated_bundle,[NULL],"10,000",7,Data_OM
6049027,Special_Data_Bundles_5_Small,Data,Charged_bundle,550MB,"2,200",1,DMP
6080980,CREDIT LIMIT - 135K,Voice,Zero_rated_bundle_Postpaid,0,0,30,Voice_OM
6080977,CREDIT LIMIT - 120K,Voice,Zero_rated_bundle_Postpaid,0,0,30,Voice_OM
6070910,All_Net_Combo Bundle 2_2000,Voice,Charged_bundle,10 Mins Allnetworks,"2,000",1,Combo
6071295,Pakalast 50Mins_100Pc_Zero,Voice,Zero_rated_bundle,50mins,"1,000",30,Voice_OM
6071407,Selfcare_5GB_zero,Data,Zero_rated_bundle,5368709120,"6,500",3,Data_OM
6071919,2000 Onnet+200 Allnet+30 GB+150 SMS_Postpaid_Auto,[NULL],Charged_bundle,2000 Onnet+200 Allnet+30 GB+150 SMS,"50,000",30,Postpaid_Combo
6071386,NEW_My_Pakalast_Combo_800_1_Zero,Combo,Zero_rated_bundle,10485760,800,1,VMP
60125,Weekly_Roaming_3GB_GLOBAL_Postpaid,Data,Charged_bundle,3221225472,"185,000",360,Data_OM
6071933,Private APN 2Mbps_Postpaid,[NULL],Charged_bundle,200GB,"8,000",30,Postpaid_Data
6071240,CMB 30K_25Pc,Voice,Charged_Bundle,[NULL],"30,000",1,Voice_OM
6000009,25 SMS,SMS,Charged_bundle,25 SMS,"1,000",30,SMS
6000374,Night_2GB,Data,Charged_bundle,2 GB,"2,000",10,Data_OM
6071326,All net Voice Chillax_90 Mins,Voice,Charged_bundle,90,"5,000",365,Voice_OM
6071820,5G_ODU_Quarterly_Unlimited_15Mbps_Zero,Data,Zero_rated_bundle,1536000,"270,000",90,Data_OM
60008,5.3GB_No Validity_PostPaid,Data,Charged_bundle,5690831667,"16,000",0,Data_OM
6071555,Daily 2000_1_Zero_25pc,Voice,Zero_Rated_Bundle,[NULL],"2,000",1,Voice_OM
60150,China_Postpaid,Voice,Charged_bundle_Postpaid,60,"7,500",30,Voice_OM
6040365,Weekly Kawa_Zero,Voice,Zero_rated_bundle,90 Mins,"3,500",7,Voice_OM
60010,20GB_No Validity_PostPaid,Data,Charged_bundle,21474836480,"50,000",0,Data_OM
60082,CMB_50K_PostPaid_Auto,Voice,Charged_bundle_Postpaid,4500,"50,000",30,Voice_OM
6071535,Smartplan_Gold_Plus Allnet_Zero,Combo,Zero_rated_bundle,[NULL],"150,000",30,Combo
6000163,CUG_Buganda_3300sh,Voice,Charged_bundle,330mins,"3,300",30,Voice_OM
6071620,FW_Combo_8GB,Combo,Charged_Bundle,[NULL],"10,000",4,FF
6071862,Smartplan Platinum Premium,Combo,Charged_bundle,[NULL],"3,000,000",30,Combo
6071783,Paka Night Combo_1000_1GB+10mins,Combo,Charged_bundle,1 GB 10 Mins,"1,000",8,Combo
6071667,Weekly_Roaming_1GB_China,Data,Charged_bundle,1024,"40,000",7,Data_OM
6070598,Wifi_260GB_ODU_Auto,Data,Charged_bundle,260GB,"300,000",30,Data_OM
6067905,New_Private_3GB,Data,Charged_bundle,3 GB,"85,000",30,Data_OM
3600076,Monthly_500MB_Free,Data,Free_bundle,500,0,30,Data_OM
6070848,Daily_500MB,Data,Charged_bundle,500 MB,"2,000",1,Data_OM
6070653,Sponsored_data_629_Hisp,Data,Sponsored_data_bundle,629,0,30,Data_OM
6071503,Allnet_Market Combo_30000_1_zero,COMBO,Zero_rated_bundle,0,"30,000",30,Combo
6070863,Monthly_3.25GB_Auto,Data,Charged_bundle,3.25 GB,"10,000",30,Data_OM
6000393,Bundle_5Mins_Eritrea_Zero,Voice,Zero_rated_bundle,5,"5,750",7,Voice_OM
6071387,NEW_My_Pakalast_Combo_800_2,Combo,Charged_bundle,10485760,800,1,VMP
6070992,Sponsored_data_Norwegian Refuguee Council_6.14GB,Data,Sponsored_data_bundle,6592774799,0,90,Data_OM
6071595,Monthly_3.25GB_Pelatro,[NULL],Zero_rated_bundle,3.25,0,30,Data_OM
6070665,Sponsored data 8678MBs_Cissy_Technologies_Ltd,Data,Sponsored_data_bundle,8678,0,30,Data_OM
6081044,CREDIT LIMIT - 450K,Voice,Zero_rated_bundle_Postpaid,0,0,30,Voice_OM
6071163,Unlimited_1000_SGM,Voice,Charged_Bundle,40,"1,000",1,Voice_OM
6000398,Bundle_40Mins_Saudi Arabia_Zero,Voice,Zero_rated_bundle,40,"23,800",30,Voice_OM
6071662,Monthly_Roaming_4GB_USA_Zero,Data,Zero_rated_bundle,4096,"40,000",30,Data_OM
6070737,All_Net_Bundle_1000,Voice,Charged_bundle,20 Mins Allnetworks,"1,000",1,Voice_OM
6071666,Monthly_Roaming_5GB_UAE_Zero,Data,Zero_rated_bundle,5120,"155,000",30,Data_OM
6049090,Monthly_Roaming_10GB_GLOBAL,Data,Charged_bundle,10GB,"550,000",30,Data_OM
60030,Postpaid Combo 1_Zero,Voice,Zero_rated_bundle_Postpaid,0,"30,000",30,Combo
6070530,Daily_500MB Auto,Data,Charged_bundle,500 MB,"3,000",1,Data_OM
6070612,2G_Phone_30Mins_Monthly,Voice,Free_bundle,30,0,30,Voice_OM
6071606,Pakalast Combo_1000_Zero,Combo,Zero_Rated_Bundle,[NULL],"1,000",1,Voice_OM
6049047,Special_Data_Bundles_1_Small,Data,Charged_bundle,30 MB,250,1,DMP
6081029,CREDIT LIMIT - 380K,Voice,Zero_rated_bundle_Postpaid,0,0,30,Voice_OM
6071314,Smartplan_Platinum_Auto,Combo,Charged_bundle,[NULL],"110,000",744,Combo
6071601,Daily 2000_1,Voice,Charged_Bundle,[NULL],"2,000",1,Voice_OM
6057872,Barclays_125MB_Free,Data,Free_bundle,125MB,0,30,Data_OM
6071083,12GB_Calendar,Data,Charged_bundle,12884901888,"30,000",37,Data_OM
6071204,Chillax_1.3GB_Zero,Data,Zero_rated_bundle,[NULL],"5,000",365,Data_OM
6071329,New Kawa_30min,Voice,Charged_bundle,[NULL],500,1,Voice_OM
6300136,HYBRID ADD ON - 350K,Voice,Zero_rated_bundle_Postpaid,0,0,30,HYBRID
6071090,CMB_50K_Calendar,Voice,Charged_bundle,[NULL],"50,000",30,Voice_OM
6071733,All net Voice Chillax_2500 Mins_50k,Voice,Charged_bundle,[NULL],"50,000",365,Voice_OM
6049025,Special_Data_Bundles_3_Small,Data,Charged_bundle,85MB,600,1,DMP
6071079,Monthly_25MB_Calendar,Data,Charged_bundle,26214400,"1,500",37,Data_OM
60161,Bundle_20Mins_Eritrea_Postpaid,Voice,Charged_bundle_Postpaid,20,"23,000",30,Voice_OM
6071806,5G_ODU_Bi-Annual_Unlimited_15Mbps,Data,Charged_bundle,3072000,"500,000",180,Data_OM
3600051,Private_250MB_500SMS,Data,Charged_bundle,250MB 500 SMS,"22,000",30,Combo
6071878,5G_ODU_Monthly_60Mbps,Data,Charged_bundle,1024000,"130,000",30,Data_OM
6071537,Smartplan_Platinum_Plus Allnet,Combo,Charged_Bundle,[NULL],"250,000",1,Combo
6048891,150MB_No_Validity_Zero,Data,Zero_rated_bundle,150 MB,"1,000",365,Data_OM
6071616,FW_Combo_5.2GB,Combo,Charged_Bundle,[NULL],"7,000",4,FF
6071396,Kawa_Combo_1_500_Zero,Combo,Zero_rated_bundle,5242880,500,1,Combo
6071464,5G_Unlimited_60Mbps_zero,Data,Zero_rated_bundle,2560000,"350,000",30,Data_OM
6048983,FF_3.5GB,Data,Charged_bundle,3.5GB,"6,000",3,FF
6070797,Monthly_79GB_Zero,Data,Zero_rated_bundle,79 GB,"150,000",30,Data_OM
6000454,Broadband_35GB_Zero,Data,Zero_rated_bundle,35 GB,"75,000",30,Data_OM
6049309,Daily_250MB_Zero,Data,Zero_rated_bundle,250 MB,"1,000",1,Data_OM
6057019,25 SMS_Zero,SMS,Zero_rated_bundle,25 SMS,"1,000",30,SMS
6070618,Daily_1GB_GM Auto,Data,Charged_bundle,1 GB,"2,000",2,Data_OM
6071339,Daily_1.5GB_Auto,Data,Charged_bundle,1610612736,"3,000",1,Data_OM
6071264,CMB 30K_50Pc,Voice,Charged_bundle,2000mins,"30,000",30,Voice_OM
6071794,5G_Router_Monthly_15Mbps,Data,Charged_bundle,[NULL],"130,000",30,Data_OM
6070574,Weekly_400MB_Smart Auto,Data,Charged_bundle,400 MB,"3,500",7,Data_OM
6071132,New_SupaCombo,Combo,Charged_bundle,1000Mins 20GB 1000SMS,"50,000",30,Combo
6070544,15GB_No Validity,DATA,Charged_bundle,15360,"50,000",365,Data_OM
6000428,Sponsored_data_10TB_MUK,Data,Sponsored_data_bundle,6291456,0,30,Data_OM
6000461,Birthday_50Mins_Free,Voice,Free_bundle,50 Mins,0,30,Voice_OM
60206,25MB_Postpaid,Data,Charged_bundle,26214400,"1,500",30,Data_OM
6070740,All_Net_Bundle_2000 _Zero,Voice,Zero_rated_bundle,20 Mins Allnetwork,"2,000",1,Voice_OM
60211,CMB_5K_PostPaid_Zero,Voice,Zero_rated_bundle_Postpaid,0,"5,000",30,Voice_OM
3600090,Private_2GB,Data,Charged_bundle,2 GB,"27,000",30,Data_OM
6071129,"New_Weekly Supa Combo_7,500",Combo,Charged_bundle,75 Mins 2GB 75SMS,"7,500",7,Combo
6300030,CREDIT LIMIT - 800K,Voice,Zero_rated_bundle_Postpaid,0,0,30,Voice_OM
6070587,Weekly_Roaming_1GB_GLOBAL Auto,Data,Charged_bundle,1 GB,"110,000",7,Data_OM
6071921,3000 Onnet+250 Allnet+45 GB+250 SMS_Postpaid,[NULL],Charged_bundle,3000 Onnet+250 Allnet+45 GB+250 SMS,"70,000",30,Postpaid_Combo
6071226,FH_combo_10_Zero,Combo,Zero_rated_bundle,[NULL],"10,000",3,FF
6071426,Weekly_11GB_25PC_Zero,Data,Zero_rated_bundle,11264,"25,000",168,Data_OM
6068512,Weekly_200MB_Free,Data,Free_bundle,200,0,7,Data_OM
6071038,FF_5,Data,Charged_bundle,4GB,"5,500",3,FF
6071695,DataPlusWeekly_2.44GB,Data,Charged_bundle,2498.56MB,"5,000",7,Data_OM
6071680,DataPlusDaily_80MB_Zero,Data,Zero_rated_bundle,80MB,400,1,Data_OM
6080987,CREDIT LIMIT - 170K,Voice,Zero_rated_bundle_postpaid,0,0,30,Voice_OM
6000451,Broadband_81GB,Data,Charged_bundle,81 GB,"150,000",30,Data_OM
6070807,2.5GB_No_Validity,Data,Charged_bundle,2.5 GB,"7,500",365,Data_OM
60077,New_Private_5GB_PostPaid_Auto,Data,Charged_bundle,5242880,"45,000",30,Data_OM
6071055,FH_combo_7_Zero,Combo,Zero_rated_bundle,6.6GB 20Mins,"10,000",4,FF
6071135,"New_SupaCombo_25,000_Zero",Combo,Zero_rated_bundle,450Mins 5GB 450 SMS,"25,000",30,Combo
6070617,Daily_300MB_GM Auto,Data,Charged_bundle,300 MB,"1,000",1,Data_OM
6071279,Pakalast_100Pc,Voice,Charged_bundle,30mins,"1,000",30,Voice_OM
6071802,5G_Router_Quarterly_Unlimited_15Mbps_Zero,Data,Zero_rated_bundle,[NULL],"350,000",90,Data_OM
6080974,CREDIT LIMIT - 105K,Voice,Zero_rated_bundle_Postpaid,0,0,30,Voice_OM
6071459,Free Smartplan Device Offer,COMBO,Zero_rated_bundle,[NULL],0,30,Combo
6080983,CREDIT LIMIT - 150K,Voice,Zero_rated_bundle_Postpaid,0,0,30,Voice_OM
6300174,HYBRID ADD ON - 3k,[NULL],Zero_rated_bundle_postpaid,3000 Airtime,"3,000",30,HYBRID
6000539,Weekly 400MB_BTL_Zero,Data,Zero_rated_bundle,400 MB 125MB Bonus,"3,500",7,Data_OM
6070909,All_Net_Bundle 2_2000 _Zero,Voice,Zero_rated_bundle,70 Mins Allnetworks,"2,000",1,Voice_OM
6070911,All_Net_Combo Bundle 2_2000 _Zero,Voice,Zero_rated_bundle,10 Mins Allnetworks,"2,000",1,Combo
6071258,Kawa 20Mins_50Pc,Voice,Charged_bundle,20mins,500,1,Voice_OM
6071454,Sponsored_Data_LGOODS_2.05GB,Data,Sponsored_data_bundle,2147484,0,2160,Data_OM
6071308,Private_5GB_Auto,Data,Charged_bundle,5242880,"45,000",30,Data_OM
6000384,Qatar,Voice,Charged_bundle,7 Mins,"5,600",7,Voice_OM
60073,22GB_PostPaid_Auto,Data,Charged_bundle,23622320128,"50,000",30,Data_OM
6070890,Daily_80MB_50pc_Zero,Data,Zero_rated_bundle,80MB,500,1,Data_OM
6071185,BOONA Monthly_30000_Auto,Voice,Charged_bundle,[NULL],"30,000",30,Voice_OM
60059,Private_1GB (Pride Microfinance)_PostPaid_Zero,Data,Zero_rated_bundle,209715200,"10,000",30,Data_OM
6056861,"East Africa Bundles 
Kenya, Rwanda, South Sudan",Voice,Charged_bundle,40 Mins,"12,500",7,Voice_OM
6071599,Pakalast Combo_1000,Combo,Charged_Bundle,[NULL],"1,000",1,Voice_OM
3600086,Weekly_125MB_Free,Data,Free_bundle,125,0,7,Data_OM
6070581,Monthly_25GB_Smart Auto,Data,Charged_bundle,25 GB,"90,000",30,Data_OM
6071719,Xstream Power Combo_15GB_Zero,Data,Zero_rated_bundle,[NULL],"650,000",30,Data_OM
6071590,Daily_1.5GB_50pc_Zero,Data,Zero_Rated_Bundle,[NULL],"3,000",1,Data_OM
6071127,My_Pakalast_Combo_2300_Zero,Combo,Zero_rated_bundle,200 Mins 20MB 30SMS,"2,300",1,VMP
6049028,Special_Data_Bundles_8_Small,Data,Charged_bundle,1 GB,"3,200",1,DMP
6071674,Weekly_Roaming_1GB_UAE_Zero,Data,Zero_rated_bundle,1024,"35,000",7,Data_OM
6300115,HYBRID ADD ON - 20K,Voice,Zero_rated_bundle_Postpaid,0,0,30,HYBRID
6071448,5G_Unlimited_30Mbps,Data,Charged_bundle,2147483648,"250,000",720,Data_OM
6071472,New Core_Market Combo_2500,Combo,Charged_bundle,[NULL],"2,500",1,Combo
6070630,Sponsored_Data_UICT_Digital_2.048GB,Data,Sponsored_data_bundle,2097.152,0,30,Data_OM
6070940,Wifi_110GB_IDU,Data,Charged_bundle,110GB,"150,000",30,Data_OM
6071284,Weekly 2000_100Pc,Voice,Charged_bundle,45mins,"2,000",7,Voice_OM
6070956,Monthly_7.5GB_Auto,Data,Charged_bundle,7.5 GB,"20,000",30,Data_OM
6000504,Pakalast_GM,Voice,Charged_bundle,50 Mins,"1,000",1,Voice_OM
6071122,My_Pakalast_Combo_1300_Zero,Combo,Zero_rated_bundle,80 Mins 10MB 10SMS,"1,300",1,VMP
6071124,My_Pakalast_Combo_1700_Zero,Combo,Zero_rated_bundle,120 Mins 20MB 30SMS,"1,700",1,VMP
6000542,1.5 GB_BTL_Zero,Data,Zero_rated_bundle,1536 MB 250MB Bonus,"10,000",30,Data_OM
6049004,Voice_125min,Voice,Charged_bundle,125 Mins,"5,000",30,Voice_OM
60072,12GB_PostPaid_Auto,Data,Charged_bundle,12884901888,"30,000",30,Data_OM
6071145,Voice Allnet Daily_1000_Zero,Voice,Zero_rated_bundle,25 Mins Allnetworks,"1,000",1,Voice_OM
6000429,Voice_20min_Bonus,Voice,Charged_bundle,20Mins Bonus,0,1,Voice_OM
6070535,Nightly_1GB Auto,Data,Charged_bundle,1 GB,"2,000",1,Data_OM
6071671,Weekly_Roaming_1GB_Saudi Arabia,Data,Charged_bundle,1024,"35,000",7,Data_OM
6000380,Oman,Voice,Charged_bundle,5 Mins,"7,250",7,Voice_OM
6071715,Mega4day_Combo_5.2GB,Data,Charged_bundle,5.2,"1,000",4,Data_OM
6070916,Smartplan_Booster_Offnet_Zero,Voice,Zero_rated_bundle,200 Allnetworks,"15,000",30,Voice_OM
6071289,Voice_125min_100Pc,Voice,Charged_bundle,125mins,"5,000",30,Voice_OM
6070701,Sponsored_Data_AVAYA Spaces_40GB,Data,Sponsored_data_bundle,40960,0,90,Data_OM
6071111,My_Pakalast_Combo_2100,Combo,Charged_bundle,165 Mins 20MB 30SMS,"2,100",1,VMP
6070172,2G Phone_75Mins monthly,Voice,Charged_bundle,75 Mins,0,30,Voice_OM
6071254,Voice_300min_25Pc_Zero,Voice,Zero_rated_bundle,[NULL],"10,000",30,Voice_OM
6071917,1000 Onnet+100 Allnet+10 GB+50 SMS_Postpaid_Zero,[NULL],Zero_rated_bundle,1000 Onnet+100 Allnet+10 GB+50 SMS,"30,000",30,Postpaid_Combo
6037019,CMB_30K_Zero,Voice,Zero_rated_bundle,2000 Mins,"30,000",30,Voice_OM
3600139,WTF_200MB_Free,Data,Free_bundle,200,0,30,Data_OM
6071838,4G Smart Connect_Monthly_110GB_Zero,Data,Zero_rated_bundle,[NULL],"100,000",30,Data_OM
6049053,Special_Data_Bundles_6_Small_Zero,Data,Zero_rated_bundle,1 GB,"3,200",1,DMP
6071544,Smartplan Platinum Plus Staff_2,Combo,Free bundle,[NULL],0,1,Combo
6071492,Voice_35 mins_zero,Voice,Zero_rated_bundle,35,"1,000",1,Voice_OM
6081025,CREDIT LIMIT - 360K,Voice,Zero_rated_bundle_Postpaid,0,0,30,Voice_OM
6071319,Smartplan_Platinum_Plus_Calendar,Combo,Charged_bundle,[NULL],"250,000",37,Combo
6070913,Smartplan_Gold_Plus,Combo,Charged_bundle,1500 Mins 300Mins Allnet 75GB 1000SMS,"150,000",30,Combo
6049052,Special_Data_Bundles_5_Small_Zero,Data,Zero_rated_bundle,550MB,"2,200",1,DMP
6070538,Weekly_1.17GB Auto,Data,Charged_bundle,1.17 GB,"7,000",7,Data_OM
6000173,Wifi_160GB_IDU_Zero,Data,Zero_rated_bundle,160GB,0,30,Data_OM
6000518,Weekly 225 mins_BTL,Voice,Charged_bundle,225 Mins 100Mins Bonus,"6,000",7,Voice_OM
6070844,ADDON_Core_MKT,Voice,Charged_bundle,15 Mins,500,12,Voice_OM
6070644,Staff_10GB_No Validity,Data,Zero_rated_bundle,10737418240,0,1,Data_OM
6071109,My_Pakalast_Combo_1700,Combo,Charged_bundle,120 Mins 20MB 30SMS,"1,700",1,VMP
6071230,Monthly_75GB_50pc_Zero,Data,Zero_rated_bundle,80530636800,"150,000",30,Data_OM
6071374,NEW _My_Pakalast_Combo_200_Zero,Combo,Zero_rated_bundle,5242880,200,1,VMP
6071147,Voice Allnet Weekly _2500_Zero,Voice,Zero_rated_bundle,40 Mins Allnetworks,"2,500",7,Voice_OM
6071495,Sponsored_Data_SAFEBODA_445,Data,Sponsored_data_bundle,455361,0,90,Data_OM
6064199,CMB_10K_Police,Voice,Charged_bundle,1000,"10,000",30,Voice_OM
6071035,FF_2,Data,Charged_bundle,2.5GB,"4,500",1,FF
6000396,Bundle_ILD_20Mins_Oman_Zero,Voice,Zero_rated_bundle,[NULL],"29,000",30,Voice_OM
6071617,FW_Combo_5.2GB_Zero,Combo,Zero_Rated_Bundle,[NULL],"7,000",4,FF
6071694,DataPlusWeekly_900MB_Zero,Data,Zero_rated_bundle,900MB,"2,000",7,Data_OM
6070943,Wifi_65GB_IDU_Auto,Data,Charged_bundle,65GB,"100,000",30,Data_OM
6071196,Chillax_8GB,Data,Charged_bundle,8192,"25,000",365,Data_OM
6071268,Kawa_50Pc_Zero,Voice,Zero_rated_bundle,10mins,500,1,Voice_OM
6067913,New_Private_70GB,Data,Charged_bundle,70 GB,"980,000",30,Data_OM
60014,Private_100MB_PostPaid,Data,Charged_bundle,102400,"8,000",30,Data_OM
6300181,CREDIT LIMIT - 2k,[NULL],Zero_rated_bundle_postpaid,2000 Airtime,"2,000",30,Voice_OM
6071189,New_SupaCombo_50000_Auto,Combo,Charged_bundle,[NULL],"50,000",30,Voice_OM
6070622,Wifi_25GB_ODU,Data,Charged_bundle,25GB,"50,000",30,Data_OM
6071363,5G_Ultra_Monthly_90GB_1GB daily_75K_auto,Data,Charged_bundle,[NULL],"75,000",30,Data_OM
6071646,FW_3.5GB_Zero,Data,Zero_rated_bundle,3584,"4,000",4,FF
6045270,India,Voice,Charged_bundle,60 Mins,"6,000",1,Voice_OM
6071431,Monthly_22GB_25PC,Data,Charged_bundle,22528,"50,000",720,Data_OM
6071570,3day_2.2GB_100pc_Zero,Data,Zero_Rated_Bundle,[NULL],"5,000",3,Data_OM
6049308,Daily_250MB,Data,Charged_bundle,250 MB,"1,000",1,Data_OM
6071066,FREE_100MB_PLUS_5MIN,Combo,Free_bundle,[NULL],0,1,Combo
6070656,LFH_30GB,Data,Charged_bundle,30GB,"30,000",30,Data_OM
6071446,5G_Unlimited_20Mbps_zero,Data,Zero_rated_bundle,1073741824,"170,000",720,Data_OM
6000366,Europe Daily_Zero,Voice,Zero_rated_bundle,10,"3,000",1,Voice_OM
6070692,1GB_Gamification,Data,Zero_rated_bundle,1073741824,0,2,Data_OM
6049099,Weekly_Roaming_3GB_ONEAirtel_Zero,Data,Zero_rated_bundle,3221225472,"185,000",360,Data_OM
60163,Bundle_20Mins_Oman_Postpaid,Voice,Charged_bundle_Postpaid,20,"29,000",30,Voice_OM
60107,Private_PM_3GB_PostPaid_Zero,Data,Zero_rated_bundle,3145728,"20,000",30,Data_OM
6071490,Voice_35 mins,Voice,Charged_bundle,35,"1,000",1,Voice_OM
6070606,40GB_No Validity_Zero,Data,Zero_rated_bundle,40960,"100,000",365,Data_OM
6000404,Free_grow_market_SMS,SMS,Free_bundle,120,0,30,SMS
1726525008,Stepped_Bonus_Mode,SMS,Zero_rated_bundle,0,0,1 bill cycle,SMS
6071609,Weekly_2000_1_Zero,Voice,Zero_Rated_Bundle,[NULL],"2,000",1,Voice_OM
6071352,HBB_Monthly_110GB_2GB_daily_zero,Data,Zero_rated_bundle,1.18E+11,"150,000",30,Data_OM
6037401,1000 SMS Autorenew,SMS,Charged_bundle,1000 SMS,"5,000",30,SMS
6049252,Wifi_65GB_ODU_Zero,Data,Zero_rated_bundle,65GB,"100,000",30,Data_OM
6000392,Bundle_ILD_16Mins_Tanzania_Zero,Voice,Zero_rated_bundle,[NULL],"22,400",30,Voice_OM
6071720,Xstream Pro Combo_25GB_Zero,Data,Zero_rated_bundle,[NULL],"750,000",30,Data_OM
6080967,CREDIT LIMIT - 70K,Voice,Zero_rated_bundle_Postpaid,0,0,30,Voice_OM
6000516,Daily 100 min_BTL,Voice,Charged_bundle,100 Mins 50Mins Bonus,"2,000",1,Voice_OM
60215,150MB_No Validity_PostPaid,Data,Charged_bundle,157286400,"1,000",0,Data_OM
60179,Bundle_16Mins_Tanzania_Postpaid_Zero,Voice,Zero_rated_bundle_Postpaid,16,"22,400",30,Voice_OM
6071183,BOONA Monthly_10000_Auto,Voice,Charged_bundle,[NULL],"10,000",30,Voice_OM
6049049,DMP_36MB_Zero,Data,Zero_rated_bundle,36 MB,300,1,Data_OM
6081055,CREDIT LIMIT - 505K,Voice,Zero_rated_bundle_Postpaid,0,0,30,Voice_OM
6071299,CMB_10K_100Pc_Zero,Voice,Zero_rated_bundle,750mins,"10,000",30,Voice_OM
6071935,Private APN 2Mbps_Postpaid_Zero,[NULL],Zero_rated_bundle,200GB,"8,000",30,Postpaid_Data
60193,Bundle 20Mins_Postpaid,Voice,Charged_bundle_Postpaid,20,"5,000",30,Voice_OM
6071625,Mega4day_Combo_5GB,Data,Charged_bundle,[NULL],"7,000",4,Data_OM
6071846,Weekly 100 Onnet+50 Allnet+4 GB+25 SMS,Voice,Charged_bundle,[NULL],"10,000",7,Combo
6071467,New Growth_Market Combo_7000,Combo,Charged_bundle,[NULL],"7,000",7,Combo
6071654,Voice Combo_2000_zero,Data,Zero_rated_bundle,[NULL],"2,000",2,Data_OM
6070883,Weekly_10.5GB_50pc,Data,Charged_bundle,10.5GB,"22,500",7,Data_OM
60160,Bundle_5Mins_Eritrea_Postpaid,Voice,Charged_bundle_Postpaid,5,"5,750",30,Voice_OM
6071449,5G_Unlimited_30Mbps_zero,Data,Zero_rated_bundle,2147483648,"250,000",720,Data_OM
6071827,4G Smart Connect_Weekly _5GB,Data,Charged_bundle,[NULL],"10,000",7,Data_OM
6071578,Weekly_11GB_100pc_Zero,Data,Zero_Rated_Bundle,[NULL],"25,000",7,Data_OM
6071179,BOONA Daily_2000_Auto,Voice,Charged_bundle,[NULL],"2,000",1,Voice_OM
6049254,Wifi_260GB_ODU_Zero,Data,Zero_rated_bundle,260GB,"300,000",30,Data_OM
6081017,CREDIT LIMIT - 320K,Voice,Zero_rated_bundle_postpaid,0,0,1,Voice_OM
6071277,Voice_125min_50Pc_Zero,Voice,Zero_rated_bundle,125mins,"5,000",30,Voice_OM
6071077,Voice Chillax_5000 Mins_Zero,Voice,Zero_rated_bundle,5000 Mins,"75,000",365,Voice_OM
6071385,NEW_My_Pakalast_Combo_800_1,Combo,Charged_bundle,10485760,800,1,VMP
6000458,Monthly_12GB_TV,Data,Charged_bundle,12GB,"30,000",30,Data_OM
3003004,Three months CMB Bundle (3003004),Voice,Charged_bundle,[NULL],"75,000",30,Voice_OM
6070870,Weekly_5.5GB_Zero,Data,Zero_rated_bundle,5.5 GB,"15,000",7,Data_OM
6000517,Weekly 45 min_BTL,Voice,Charged_bundle,45 Mins 20 Mins Bonus,"2,000",7,Voice_OM
6070566,Quarterly_85GB Auto,Data,Charged_bundle,85GB,"450,000",90,Data_OM
6071884,Weekly 2GB,Data,Charged_bundle,[NULL],"5,000",7,Data_OM
6070585,Daily_Roaming_400MB_ONEAirtel Auto,Data,Charged_bundle,400 MB,"4,000",1,Data_OM
6071618,FW_Combo_6GB,Combo,Charged_Bundle,[NULL],"8,000",4,FF
6071706,Weekly_6000_1_Auto,Voice,Charged_bundle,400,"6,000",7,Voice_OM
6000541,500MB_BTL_Zero,Data,Zero_rated_bundle,500 MB 100MB Bonus,"5,000",30,Data_OM
60018,Private_512Kbps_Speed_APN_PostPaid,Data,Charged_bundle,2.15E+11,"20,000",30,Data_OM
6071178,BOONA Daily_1000_Auto,Voice,Charged_bundle,[NULL],"1,000",1,Voice_OM
6070994,Voice ALL net offer Core,Voice,Charged_bundle,6 Mins Allnetworks,500,1,Voice_OM
6071041,FF_combo_3,Combo,Charged_bundle,7.2GB 20Mins,"10,000",3,FF
6049042,Special_Data_Bundles_5_Large,Data,Charged_bundle,8.4 GB,"21,000",30,DMP
6071138,Voice Allnet Daily_2000,Voice,Charged_bundle,70 Mins Allnetworks,"2,000",1,Voice_OM
6071207,Chillax_8GB_Zero,Data,Zero_rated_bundle,8192,"25,000",365,Data_OM
6000447,Monthly_12GB_TV_Zero,Data,Zero_rated_bundle,12GB,"30,000",30,Data_OM
6070657,LFH_1GB_Zero,Data,Zero_rated_bundle,1GB,"1,500",1,Data_OM
6071244,Kawa_25Pc_Zero,Voice,Zero_rated_bundle,[NULL],500,1,Voice_OM
6000431,Sponsored_data_50GB_stanbic,Data,Sponsored_data_bundle,51200,0,90,Data_OM
6300070,CREDIT LIMIT - 1M,Voice,Zero_rated_bundle_Postpaid,0,0,30,Voice_OM
6070506,Daily_500MB_DSTV,Data,Charged_bundle,500MB,"2,000",1,Data_OM
6071573,Weekly_1.5GB_100Pc,Data,Charged_Bundle,[NULL],"5,000",1,Data_OM
6000449,Booster 20GB,Data,Charged_bundle,20 GB,"50,000",30,Data_OM
60137,Daily_Roaming_850MB_ONEAirtel_Postpaid_Zero,Data,Zero_rated_bundle,891289600,"5,000",24,Data_OM
6040352,Weekly Pakalast_Zero,Voice,Zero_rated_bundle,225 Mins,"6,000",7,Voice_OM
6048998,FFF_2.5GB_Zero,Data,Zero_rated_bundle,2.5GB,"4,000",3,Data_OM
6000391,Bundle_ILD_4Mins_Tanzania_Zero,Voice,Zero_rated_bundle,[NULL],"5,600",7,Voice_OM
6049050,Special_Data_Bundles_3_Small_Zero,Data,Zero_rated_bundle,85MB,600,1,DMP
6071086,79GB_Calendar,Data,Charged_bundle,[NULL],"150,000",37,Data_OM
60183,Bundle_20Mins_Oman_Postpaid_Zero,Voice,Zero_rated_bundle_Postpaid,20,"29,000",30,Voice_OM
6071658,Monthly_Roaming_2.5GB_Qatar_Zero,Data,Zero_rated_bundle,2560,"160,000",30,Data_OM
6071436,75GB_25PC_Zero,Data,Zero_rated_bundle,76800,"150,000",720,Data_OM
6071610,Weekly_3500_1_Zero,Voice,Zero_Rated_Bundle,[NULL],"3,500",1,Voice_OM
6300010,CREDIT LIMIT - 700K,Voice,Zero_rated_bundle_Postpaid,0,0,30,Voice_OM
6071219,FF_7_Zero,Data,Zero_rated_bundle,[NULL],"6,000",1,FF
6071860,800 Onnet+200 Allnet+20 GB+100 SMS_Zero,Voice,Zero_rated_bundle,[NULL],"50,000",30,Combo
6018904,Special Plan Band16-2,Combo,Charged_bundle,[NULL],300,24,DMP
6071064,Wifi_160GB_Plus_50_Bonus_Zero,Data,Zero_rated_bundle,85899345920,0,720,Data_OM
6070268,Bundle 11Mins_Zero,Voice,Zero_rated_bundle,10 Mins,0,7,Voice_OM
60003,7.5GB_PostPaid,Data,Zero_rated_bundle,7864320,"20,000",30,Data_OM
6071162,Smartplan Silver_Zero,Data,Zero_rated_bundle,[NULL],"40,000",31,Data_OM
60012,Annual 300GB_PostPaid,Data,Charged_bundle,314572800,"1,500,000",365,Data_OM
6071346,HBB_Monthly_45GB_1GB_daily_zero,Data,Zero_rated_bundle,48318382080,"75,000",30,Data_OM
6000373,Night_5GB_zero,Data,Zero_rated_bundle,5 GB,"4,000",10,Data_OM
6070765,Sponsored_Data_CAVENDISH_UNI_4GB,Data,Sponsored_data_bundle,4294967296,0,2160,Data_OM
[NULL],Afromobile_Monthly_4GB_Zero,Data,Zero_rated_bundle,[NULL],"20,000",30,Data_OM
6071046,FF_2_Zero,Data,Zero_rated_bundle,2.5GB,"4,500",1,FF
6000004,Pakalast,Voice,Charged_bundle,30 Mins,"1,000",1,Voice_OM
6070541,Weekly_4GB Auto,Data,Charged_bundle,4 GB,"15,000",7,Data_OM
6071841,4G Smart Connect_Monthly_235GB_Zero,Data,Zero_rated_bundle,[NULL],"200,000",30,Data_OM
60564051,IControl_5K,Voice,Charged_bundle,[NULL],"5,000",30,Voice_OM
6000455,Broadband_81GB_Zero,Data,Zero_rated_bundle,81 GB,"150,000",30,Data_OM
6071707,Monthly_10000_1_Auto,Voice,Charged_bundle,600,"10,000",30,Voice_OM
6071498,Allnet_Market Combo_7000_1,COMBO,Charged_bundle,0,"7,000",7,Combo
6070845,ADDON_Growth_MKT,Voice,Charged_bundle,25 Mins,500,12,Voice_OM
6071270,Kawa 20Mins_50Pc_Zero,Voice,Zero_rated_bundle,20mins,500,1,Voice_OM
6071705,Weekly_3500_1_Auto,Voice,Charged_bundle,200,"3,500",7,Voice_OM
[NULL],Afromobile_Monthly_14GB_Zero,Data,Zero_rated_bundle,[NULL],"40,000",30,Data_OM
6071036,FF_3,Data,Charged_bundle,3.5GB,"5,500",1,FF
6081040,CREDIT LIMIT - 430K,Voice,Zero_rated_bundle_Postpaid,0,0,30,Voice_OM
6071951,Daily 40Min,Voice,Charged_bundle,40Min,"1,100",1,Voice_OM
6071930,Private APN 1Mbps_Postpaid,[NULL],Charged_bundle,200GB,"5,000",30,Postpaid_Data
60084,Voice Bundle 1_PostPaid_Auto,Voice,Charged_bundle_Postpaid,0,"5,600",30,Voice_OM
6070517,East Africa Monthly_Zero,Voice,Zero_rated_bundle,95,"25,000",30,Voice_OM
6071214,FF_combo_7,Combo,Charged_bundle,[NULL],"10,000",3,FF
6071909,1GB_1Day_Zero,Data,Zero_rated_bundle,1GB,"1,000",1,Data_OM
6071614,FW_Combo_4.5,Combo,Charged_Bundle,[NULL],"6,000",4,FF
6071368,5G Ultra_Monthly_220GB_2GB daily_150K,Data,Charged_bundle,[NULL],"150,000",30,Data_OM
6071569,3day_2.2GB_100Pc,Data,Charged_Bundle,[NULL],"5,000",3,Data_OM
6000386,CUG_CCARBCP,Voice,Zero_rated_bundle,0,0,0,Voice_OM
6049005,Voice_300min,Voice,Charged_bundle,300 Mins,"10,000",30,Voice_OM
60220,500SMS_Free,SMS,Zero_rated_bundle,500,0,30,SMS
6071384,NEW_My_Pakalast_Combo_750_Zero,Combo,Zero_rated_bundle,10485760,750,1,VMP
6071217,FH_combo_10,Combo,Charged_bundle,[NULL],"10,000",3,FF
6071918,2000 Onnet+200 Allnet+30 GB+150 SMS_Postpaid,[NULL],Charged_bundle,2000 Onnet+200 Allnet+30 GB+150 SMS,"50,000",30,Postpaid_Combo
6070591,Monthly_Roaming_10GB_GLOBAL Auto,Data,Charged_bundle,10 GB,"550,000",30,Data_OM
3600087,Free_20MB,Data,Free_bundle,20MB,0,1,Data_OM
6071660,Monthly_Roaming_3GB_China_Zero,Data,Zero_rated_bundle,3072,"115,000",30,Data_OM
6070631,Sponsored_Data_Victoria University_5.12GB,Data,Sponsored_data_bundle,5242.88,0,30,Data_OM
6071005,Data_Bonus_100MB,Data,Zero_rated_bundle,104857600,0,1,Data_OM
6300158,HYBRID ADD ON - 2M,Voice,Zero_rated_bundle_Postpaid,0,0,30,HYBRID
6070800,AllNetCombo_2000,Voice,Charged_bundle,400MB 40 Mins Allnetwork 20 SMS,"2,000",1,Combo
6071104,My_Pakalast_Combo_750,Combo,Charged_bundle,35 Mins 10MB 10SMS,750,1,VMP
60090,Postpaid Combo 5_Auto,Voice,Charged_bundle_Postpaid,0,"250,000",30,Combo
6071301,Voice_125min_100Pc_Zero,Voice,Zero_rated_bundle,125mins,"5,000",30,Voice_OM
6000445,Daily_500MB_TV_Zero,Data,Zero_rated_bundle,500MB,"2,000",1,Data_OM
6081034,CREDIT LIMIT - 400K,Voice,Zero_rated_bundle_Postpaid,0,0,30,Voice_OM
6071317,Smartplan_Platinum_Calendar,Combo,Charged_bundle,[NULL],"110,000",37,Combo
60148,US_Postpaid,Voice,Charged_bundle_Postpaid,60,"7,500",30,Voice_OM
6080956,CREDIT LIMIT - 15K,Voice,Zero_rated_bundle_Postpaid,0,0,30,Voice_OM
6071471,New Growth_Market Combo_30000_1,Combo,Charged_bundle,[NULL],"30,000",30,Combo
6071430,Monthly_12GB_25PC_Zero,Data,Zero_rated_bundle,12288,"30,000",720,Data_OM
6300111,HYBRID REFILL- 0K,Voice,Zero_rated_bundle_Postpaid,0,0,30,HYBRID
6071246,Kawa 20Mins_25Pc_Zero,Voice,Zero_rated_bundle,[NULL],500,1,Voice_OM
6300182,CREDIT LIMIT - 2.5K,[NULL],Zero_rated_bundle_postpaid,2500 Airtime,"2,500",30,Voice_OM
6071631,Unlimited_Daily_300mins_FUP,Voice,Charged_bundle,300,"1,000",24,Voice_OM
6071156,Daily_300MB_SGM,Data,Charged_bundle,300 MB,500,1,Data_OM
60055,New_Private_5GB_PostPaid_Zero,Data,Zero_rated_bundle,5242880,"45,000",30,Data_OM
6071549,Weekly_2000_1_25pc,Voice,Charged_Bundle,[NULL],"2,000",1,Voice_OM
6300172,HYBRID ADD ON - 2k,[NULL],Zero_rated_bundle_postpaid,2000 Airtime,"2,000",30,HYBRID
6300139,HYBRID ADD ON - 500K,Voice,Zero_rated_bundle_Postpaid,0,0,30,HYBRID
6071394,7day_5GB_Zero,Data,Zero_rated_bundle,5368709120,"5,000",30,Data_OM
3600002,Daily_90MB,Data,Charged_bundle,90 MB,500,1,Data_OM
6071944,Private APN 5Mbps_Postpaid_Zero,[NULL],Zero_rated_bundle,400GB,"20,000",30,Postpaid_Data
60195,Bundle 20Mins_Postpaid_Zero,Voice,Zero_rated_bundle_Postpaid,20,"5,000",30,Voice_OM
[NULL],Monthly_48GB_Pelatro_25pc,Data,Charged_bundle,[NULL],0,30,Data_OM
60016,Private_128Kbps_Speed_APN_PostPaid,Data,Charged_bundle,209715200,"10,000",30,Data_OM
6000462,Birthday_150Mins_Free,Voice,Free_bundle,150 Mins,0,30,Voice_OM
6057024,1000SMS_Zero,SMS,Zero_rated_bundle,1000 SMS,"5,000",30,SMS
6071900,Weekly 3.5GB _GM_zero,Data,Zero_rated_bundle,[NULL],"10,000",7,Data_OM
6071468,New Growth_Market Combo_30000,Combo,Charged_bundle,[NULL],"30,000",30,Combo
6071019,Free_500MB_App_SelfCare,Data,Free_bundle,524288000,0,7,Data_OM
6071538,Smartplan_Platinum_Plus Allnet_Zero,Combo,Zero_rated_bundle,[NULL],"250,000",1,Combo
6071473,New Core_Market Combo_7000,Combo,Charged_bundle,[NULL],"7,000",7,Combo
6071552,Monthly_10000_1_25pc,Voice,Charged_Bundle,[NULL],"10,000",1,Voice_OM
6071195,Chillax_5GB,Data,Charged_bundle,5120,"16,000",365,Data_OM
6300143,HYBRID ADD ON - 700K,Voice,Zero_rated_bundle_Postpaid,0,0,30,HYBRID
6049006,Voice_125min_Zero,Voice,Zero_rated_bundle,125 Mins,"5,000",30,Voice_OM
3600055,Private_1.5G_1000SMS,Data,Charged_bundle,1.5GB 1000 SMS,"30,000",30,Data_OM
6045606,Weekly Pakalast,Voice,Charged_bundle,225 Mins,"6,000",7,Voice_OM
6071949,Daily 33Min5SMS5MB,Voice,Charged_bundle,33Min5SMS5MB,550,1,Voice_OM
60031,Postpaid Combo 2_Zero,Voice,Zero_rated_bundle_Postpaid,0,"50,000",30,Combo
6071081,Monthly_3.25GB_Calendar,Data,Charged_bundle,[NULL],"10,000",37,Data_OM
6071347,HBB_Monthly_65GB_1.5GB_daily_100K,Data,Charged_bundle,69793218560,"100,000",30,Data_OM
6071564,Daily_70MB_100pc_Zero,Data,Zero_Rated_Bundle,[NULL],500,1,Data_OM
6071664,Monthly_Roaming_5GB_Saudi Arabia_Zero,Data,Zero_rated_bundle,5120,"155,000",30,Data_OM
6048996,FF_3GB_Zero,Data,Zero_rated_bundle,3GB,"5,000",1,FF
6070856,Monthly_22GB,Data,Charged_bundle,22 GB,"50,000",30,Data_OM
6081031,CREDIT LIMIT - 390K,Voice,Zero_rated_bundle_Postpaid,0,0,30,Voice_OM
[NULL],Afromobile_Monthly_9GB_Zero,Data,Zero_rated_bundle,[NULL],"30,000",30,Data_OM
6048852,Daily_90MB_Zero,Data,Zero_rated_bundle,90 MB,500,1,Data_OM
6071050,FF_combo_1_Zero,Combo,Zero_rated_bundle,4.4GB 20Mins,"6,500",3,FF
6036802,Pakalast_Zero,Voice,Zero_rated_bundle,30 Mins,"1,000",1,Voice_OM
60132,ROAM COMBO 65,Combo,Charged_bundle_Postpaid,512000,"65,000",30,Combo
6070727,Daily_170MB_Auto,Data,Charged_bundle,170 MB,"1,000",1,Data_OM
6070668,Sponsored_Data_Twani_15.36GB,Data,Sponsored_data_bundle,15728.64,0,30,Data_OM
6049315,FF_3.25GB_Zero,Data,Zero_rated_bundle,3.25GB,"5,500",3,FF
6071803,5G_Router_Quarterly_Unlimited_30Mbps,Data,Charged_bundle,[NULL],"405,000",90,Data_OM
60202,CUG_10K_Postpaid,Voice,Zero_rated_bundle_Postpaid,1000,"10,000",30,Voice_OM
3600073,Monthly_200MB_Free,Data,Free_bundle,200,0,30,Data_OM
6071675,Weekly_Roaming_2GB_USA,Data,Charged_bundle,2048,"20,000",7,Data_OM
60047,1.5GB_No Validity_PostPaid_Zero,Data,Zero_rated_bundle,1610612736,"5,000",0,Data_OM
6071011,DMP_185MB_Zero,Data,Zero_rated_bundle,185 MB,"1,100",1,DMP
6049033,Special_Data_Bundles_4_Medium,Data,Charged_bundle,2.1GB,"7,200",7,DMP
6070594,Wifi_65GB_ODU_Auto,Data,Charged_bundle,65GB,"100,000",30,Data_OM
6070874,Monthly_22GB_Zero,Data,Zero_rated_bundle,22 GB,"50,000",30,Data_OM
6018421,10 SMS AutoRenew,SMS,Charged_bundle,10 SMS,500,30,SMS
60068,500MB_PostPaid_Auto,Data,Charged_bundle,512000,"5,000",30,Data_OM
6070590,Weekly_Roaming_3GB_ONEAirtel Auto,Data,Charged_bundle,3 GB,"40,000",7,Data_OM
60083,CMB_30K_PostPaid_Auto,Voice,Charged_bundle,2000,"30,000",30,Data_OM
6080996,CREDIT LIMIT - 215K,Voice,Zero_rated_bundle_Postpaid,0,0,30,Voice_OM
6071683,DataPlusDaily_280MB,Data,Charged_bundle,280MB,700,1,Data_OM
6071404,NEW_BOONA Weekly_5000_Zero,Voice,Zero_rated_bundle,100,"5,000",7,Voice_OM
6070586,WeeklyRoaming 250MB Auto,Data,Charged_bundle,250 MB,"50,000",7,Data_OM
3600083,Monthly_10GB_Free,Data,Free_bundle,10240,0,30,Data_OM
6071161,Smartplan Silver,Data,Charged_bundle_Postpaid,[NULL],"40,000",31,Data_OM
6070667,Sponsored_Data_GH_GSVL_17.07,Data,Sponsored_data_bundle,17479.68,0,30,Data_OM
6067903,New_Private_1.5GB,Data,Charged_bundle,1.5 GB,"60,000",30,Data_OM
6000378,Eritrea,Voice,Charged_bundle,5 Mins,"5,750",7,Voice_OM
60213,150MB_No Validity_PostPaid_Zero,Data,Zero_rated_bundle,157286400,"1,000",0,Data_OM
6071315,Smartplan_Gold_Auto,Combo,Charged_bundle,26843545600,"60,000",744,Combo
6071073,Voice Chillax_90 Mins_Zero,Voice,Zero_rated_bundle,90 Mins,"5,000",365,Voice_OM
6071611,Weekly_6000_1_Zero,Voice,Zero_Rated_Bundle,[NULL],"6,000",1,Voice_OM
6071541,Smartplan Gold staff_2,Combo,Free bundle,[NULL],0,1,Combo
6071322,Icontrol_Combo_50K_Calendar,Combo,Charged_bundle,[NULL],"50,000",30,Combo
60192,Europe Daily_Postpaid,Voice,Charged_bundle_Postpaid,10,"3,000",30,Voice_OM
60165,Bundle_40Mins_Saudi Arabia_Postpaid,Voice,Charged_bundle_Postpaid,40,"23,800",30,Voice_OM
6070796,Monthly_79GB,Data,Charged_bundle,79 GB,"150,000",30,Data_OM
60208,25MB_Postpaid_Auto,Data,Charged_bundle,25600,"1,500",30,Data_OM
6071648,FW_4.5GB_Zero,Data,Zero_rated_bundle,4608,"5,000",4,FF
6071001,Voice ALL net offer 700_Zero,Voice,Zero_rated_bundle,20 Mins Allnetworks,700,1,Voice_OM
6081001,CREDIT LIMIT - 240K,Voice,Zero_rated_bundle_Postpaid,0,0,30,Voice_OM
60115,Private_3GB_PostPaid_Auto,Data,Charged_bundle,3145728,"40,000",30,Data_OM
60093,50 SMS_PostPaid_Auto,SMS,Charged_bundle,50,"2,000",30,SMS
6067899,New_Private_1GB,Data,Charged_bundle,1 GB,"45,000",30,Data_OM
6080978,CREDIT LIMIT - 125K,Voice,Zero_rated_bundle_Postpaid,0,0,30,Voice_OM
60182,Bundle_5Mins_oman_Postpaid_Zero,Voice,Zero_rated_bundle_Postpaid,5,"7,250",30,Voice_OM
6070931,Data_addon_250MB_Zero,Data,Zero_rated_bundle,250 MB,600,1,Data_OM
6071879,5G_ODU_Monthly_60Mbps_Auto,Data,Zero_rated_bundle,1024000,"130,000",30,Data_OM
6071037,FF_4,Data,Charged_bundle,3.5GB,"5,000",3,FF
6071422,Weekly_1.5GB_25PC_Zero,Data,Zero_rated_bundle,1536,"5,000",168,Data_OM
6000365,Europe Daily,Voice,Charged_bundle,10,"3,000",1,Voice_OM
6071146,Voice Allnet Daily_2000_Zero,Voice,Zero_rated_bundle,70 Mins Allnetworks,"2,000",1,Voice_OM
6071593,Monthly_22GB_Pelatro,[NULL],Zero_rated_bundle,22,0,30,Data_OM
6071033,Sponsored_Data_YO TV CHANNEL_1GB,Data,Sponsored_data_bundle,1048576,0,90,Data_OM
6071831,4G Smart Connect_Monthly_15GB_Auto,Data,Charged_bundle,[NULL],"25,000",30,Data_OM
6071107,My_Pakalast_Combo_1300,Combo,Charged_bundle,80 Mins 10MB 10SMS,"1,300",1,VMP
6000529,Daily 300 MBs_Combo_BTL,Combo,Charged_bundle,300 MB 20Min Bonus,"1,500",1,Data_OM
6070661,Sponsored_data_OLOA_10.24GB,Data,Sponsored_data_bundle,10485.76,0,30,Data_OM
6071652,Voice Combo_3000_zero,Data,Zero_rated_bundle,[NULL],"3,000",1,Data_OM
6071221,FF_combo_5_Zero,Combo,Zero_rated_bundle,[NULL],"7,000",3,FF
60146,East Africa Large_Postpaid_Zero,Voice,Zero_rated_bundle_Postpaid,40,"12,500",30,Voice_OM
6000008,10 SMS,SMS,Charged_bundle,10 SMS,500,30,SMS
6070271,Bundle 100Mins_India_Zero,Voice,Zero_rated_bundle,60,"6,000",1,Voice_OM
6071069,Voice Chillax_200 Mins,Voice,Charged_bundle,200 Mins,"10,000",365,Voice_OM
6070651,Monthly_20GB_Mifi_Free,Data,Free_bundle,21474836480,0,720,Data_OM
6071457,Smartplan Premium Bundle,Combo,Charged_bundle,[NULL],"900,000",180,Combo
6070859,Weekly_1.5GB_Auto,Data,Charged_bundle,1.5 GB,"5,000",7,Data_OM
6071409,Daily_30MB_25PC,Data,Charged_bundle,30,250,24,Data_OM
6071840,4G Smart Connect_Monthly_235GB_Auto,Data,Charged_bundle,[NULL],"200,000",30,Data_OM
6071084,22GB_Calendar,Data,Charged_bundle,23622320128,"50,000",37,Data_OM
6071137,Voice Allnet Daily_1000,Voice,Charged_bundle,25 Mins Allnetworks,"1,000",1,Voice_OM
6037397,100_SMS_Daily PLUS AutoRenew,SMS,Charged_bundle,100 SMS,500,1,SMS
6080958,CREDIT LIMIT - 25K,Voice,Zero_rated_bundle_Postpaid,0,0,30,Voice_OM
6000473,CHINA_Zero_Monthly,Voice,Zero_rated_bundle,100,"10,000",30,Voice_OM
6070582,Monthly_500MB_Smart Auto,Data,Charged_bundle,500 MB,"5,000",30,Data_OM
60136,Monthly_Roaming_10GB_GLOBAL_Postpaid_Zero,Data,Zero_rated_bundle,10737418240,"550,000",30,Data_OM
6049253,Wifi_160GB_ODU_Zero,Data,Zero_rated_bundle,160GB,"200,000",30,Data_OM
6000395,Bundle_ILD_5Mins_oman_Zero,Voice,Zero_rated_bundle,[NULL],"7,250",7,Voice_OM
60178,Bundle_4Mins_Tanzania_Postpaid_Zero,Voice,Zero_rated_bundle_Postpaid,4,"5,600",30,Voice_OM
60197,Africa Bundle_Postpaid,Voice,Charged_bundle_Postpaid,10,"5,000",30,Voice_OM
6071194,Chillax_2.1GB,Data,Charged_bundle,2.1GB,"7,500",365,Data_OM
6071960,5G_ODU_Quarterly_Unlimited_15Mbps_Acquisition,Data,Charged_bundle,[NULL],"270,000",30,Data_OM
60152,India_Postpaid,Voice,Charged_bundle_Postpaid,60,"6,000",30,Voice_OM
6300186,CREDIT LIMIT - 4.5K,[NULL],Zero_rated_bundle_postpaid,4500 Airtime,"4,500",30,Voice_OM
6071251,CMB_10K_25Pc_Zero,Voice,Zero_rated_bundle,[NULL],"10,000",30,Voice_OM
6071603,Weekly_3500_1,Voice,Charged_Bundle,[NULL],"3,500",1,Voice_OM
6070921,Double Data_Weekly 1GB,Data,Free_bundle,1024,0,7,Data_OM
6071866,5G_ODU_Bi-Annual_Unlimited_60Mbps_Zero,Data,Zero_rated_bundle,6144000,"650,000",180,Data_OM
6071657,Monthly_Roaming_2.5GB_Qatar,Data,Charged_bundle,2560,"160,000",30,Data_OM
60223,Postpaid_Combo_Auto,Combo,Charged_bundle,0,"60,000",30,Combo
6049104,Monthly_Roaming_10GB_GLOBAL_Zero,Data,Zero_rated_bundle,10240 MB,"550,000",30,Data_OM
6000433,Weekly_50MB_App_Free,Data,Free_bundle,209715200,0,7,Data_OM
6071438,NEW_Pakalast_GM_Zero,Voice,Zero_rated_bundle,60,"1,000",24,Voice_OM
6070709,Daily_EBB_1.5GB,Data,Charged_bundle,5 GB,0,1,Data_OM
6070960,DMP_165,Data,Charged_bundle,165GB,"1,000",1,DMP
6071228,Monthly_75GB_50pc,Data,Charged_bundle,80530636800,"150,000",720,Data_OM
6071563,Daily_70MB_100pc,Data,Charged_Bundle,[NULL],500,1,Data_OM
60135,Weekly_Roaming_3GB_GLOBAL_Postpaid_Zero,Data,Zero_rated_bundle,3221225472,"185,000",360,Data_OM
60187,Bundle_30Mins_Qatar_Postpaid_Zero,Voice,Zero_rated_bundle_Postpaid,30,"24,000",30,Voice_OM
6049313,FF_4GB,Data,Charged_bundle,4GB,"6,500",3,FF
6071008,DMP_185MB,Data,Charged_bundle,185 MB,"1,100",1,DMP
6071067,FREE_50MB_PLUS_5MIN,Combo,Free_bundle,[NULL],0,1,Combo
6300124,HYBRID ADD ON - 110K,Voice,Zero_rated_bundle_Postpaid,0,0,30,HYBRID
6071271,Pakalast 50Mins_50Pc_Zero,Voice,Zero_rated_bundle,50mins,"1,000",30,Voice_OM
6071462,5G_Unlimited_40Mbps_auto,Data,Charged_bundle,1536000,"250,000",30,Data_OM
6070559,Monthly_9GB Auto,Data,Charged_bundle,9 GB,"30,000",30,Data_OM
6300127,HYBRID ADD ON - 140K,Voice,Zero_rated_bundle_Postpaid,0,0,30,HYBRID
6071716,Mega4day_Combo_5.2GB_Zero,Data,Zero_rated_bundle,5.2,"1,000",4,Data_OM
6049063,Special_Data_Bundles_5_Medium_Zero,Data,Zero_rated_bundle,4GB,"11,000",7,DMP
60011,50GB_No Validity_PostPaid,Data,Charged_bundle,53687091200,"100,000",0,Data_OM
6071065,Wifi_260GB_Plus_50_Bonus_Zero,Data,Zero_rated_bundle,1.40E+11,0,720,Data_OM
6071405,100GB_Gamification,DATA,Free_bundle,104857600,0,1,Data_OM
6070894,Weekly_1.76GB_50pc_Zero,Data,Zero_rated_bundle,1610612736,"5,000",7,Data_OM
6070896,Weekly_6.6GB_50pc_Zero,Data,Zero_rated_bundle,5905580032,"15,000",7,Data_OM
6071897,Daily 3.5GB_zero,Data,Zero_rated_bundle,[NULL],"5,000",1,Data_OM
6070576,Weekly_4GB_Smart Auto,Data,Charged_bundle,4 GB,"15,000",7,Data_OM
6071371,Pakalast 50_Allnet,Voice,Charged_bundle,50,"1,000",1,Voice_OM
6071665,Monthly_Roaming_5GB_UAE,Data,Charged_bundle,5120,"155,000",30,Data_OM
6071911,2GB_2Days_Zero,Data,Zero_rated_bundle,2GB,"2,000",2,Data_OM
6071116,My_Pakalast_Combo_400_Zero,Combo,Zero_rated_bundle,15 Mins 5MB 10SMS,400,1,VMP
6071398,Kawa_Combo_2_500_Zero,Combo,Zero_rated_bundle,3145728,500,1,Combo
6071808,5G_ODU_Bi-Annual_Unlimited_15Mbps_Zero,Data,Zero_rated_bundle,3072000,"500,000",180,Data_OM
6071367,5G_Ultra_Monthly_130GB_1.5 GB daily_100K_zero,Data,Zero_rated_bundle,1.40E+11,"100,000",30,Data_OM
6071494,Sponsored_Data_SFLEET_17.36GB,Data,Sponsored_data_bundle,17772,0,90,Data_OM
6071253,Voice_125min_25Pc_Zero,Voice,Zero_rated_bundle,[NULL],"5,000",30,Voice_OM
6080986,CREDIT LIMIT - 165K,Voice,Zero_rated_bundle_Postpaid,0,0,30,Voice_OM
6070588,Weekly_Roaming_1GB_ONEAirtel Auto,Data,Charged_bundle,1 GB,"8,000",7,Data_OM
6080989,CREDIT LIMIT - 180K,Voice,Zero_rated_bundle_Postpaid,0,0,30,Voice_OM
6070878,Daily_750MB_50pc,Data,Charged_bundle,524288000,"2,000",1,Data_OM
60017,Private_256Kbps_Speed_APN_PostPaid,Data,Charged_bundle,209715200,"15,000",30,Data_OM
6070906,Sponsored_Data_STREAMLINEHEALTH_1.02GB,Data,Sponsored_data_bundle,1099511628,0,2160,Data_OM
6070959,DMP_100,Data,Charged_bundle,100  MB,700,1,DMP
6071255,Pakalast_50Pc,Voice,Charged_bundle,30mins,"1,000",30,Voice_OM
6070579,Monthly_9GB_Smart Auto,Data,Charged_bundle,9 GB,"30,000",30,Data_OM
6081000,CREDIT LIMIT - 235K,Voice,Zero_rated_bundle_Postpaid,0,0,30,Voice_OM
6018896,Special Plan Band14-2,Combo,Charged_bundle,[NULL],400,24,VMP
6000459,Birthday_500MB_Free,Data,Free_bundle,500 MB,0,30,Data_OM
6070539,Weekly_150MB Auto,Data,Charged_bundle,150 MB,"2,000",7,Data_OM
6070907,Sponsored_Data_Living Goods_1.08GB,Data,Sponsored_data_bundle,1162274448,0,2160,Data_OM
6071947,Daily 20Min5SMS5MB,Voice,Charged_bundle,20Min5SMS5MB,550,1,Voice_OM
6080969,CREDIT LIMIT - 80K,Voice,Zero_rated_bundle_Postpaid,0,0,30,Voice_OM
6071923,3000 Onnet+250 Allnet+45 GB+250 SMS_Postpaid_Zero,[NULL],Zero_rated_bundle,3000 Onnet+250 Allnet+45 GB+250 SMS,"70,000",30,Postpaid_Combo
6071136,New_SupaCombo_Zero,Combo,Zero_rated_bundle,1000Mins 20GB 1000SMS,"50,000",30,Combo
6071307,Private_1.5GB_Auto,Data,Charged_bundle,1572864,"20,000",30,Data_OM
60180,Bundle_5Mins_Eritrea_Postpaid_Zero,Voice,Zero_rated_bundle_Postpaid,5,"5,750",30,Voice_OM
6071487,New Core_Market Combo_2500_1_zero,Combo,Charged_bundle,[NULL],0,1,Combo
60103,Private_1GB_New_Postpaid,Data,Charged_bundle,1048576,"45,000",30,Data_OM
60157,Bundle_20Mins_DRC_Postpaid,Voice,Charged_bundle_Postpaid,20,"40,000",30,Voice_OM
6070723,Daily_70MB_Zero,Data,Zero_rated_bundle,70 MB,500,1,Data_OM
6071485,New Core_Market Combo_7000_zero,Combo,Charged_bundle,[NULL],0,7,Combo
6070875,Daily_30MB_50pc,Data,Charged_bundle,31457280,250,1,Data_OM
6071788,5G_Router_Bi-Annual_Unlimited_15Mbps,Data,Charged_bundle,[NULL],"650,000",180,Data_OM
6000397,Bundle_10Mins_Saudi Arabia_Zero,Voice,Zero_rated_bundle,10,"5,950",7,Voice_OM
6070264,Bundle 20Mins_Zero,Voice,Zero_rated_bundle,20 Mins,"5,000",7,Voice_OM
60123,Daily_Roaming_400MB_GLOBAL_Postpaid,Data,Charged_bundle,419430400,"40,000",24,Data_OM
6000010,45_SMS,SMS,Charged_bundle,45 SMS,250,1,SMS
6070680,Ezy_agric_500MB_Free,Data,Free_bundle,524288000,0,30,Data_OM
6000500,Sponsored_data_1.46GB_BUSITEMA_UNIVERSITY,Data,Sponsored_data_bundle,1495.04,0,30,Data_OM
6070757,FF_5GB,Data,Charged_bundle,5GB,"7,500",3,FF
6071853,400 Onnet+100 Allnet+10 GB+100 SMS_Auto,Voice,Charged_bundle,[NULL],"30,000",30,Combo
6071188,"New_SupaCombo_25,000_Auto",Combo,Charged_bundle,[NULL],"25,000",30,Combo
6071572,Daily_1.5GB_100pc_Zero,Data,Zero_Rated_Bundle,[NULL],"3,000",1,Data_OM
6300170,HYBRID ADD ON - 1k,[NULL],Zero_rated_bundle_postpaid,1000 Airtime,"1,000",30,HYBRID
6071287,CMB_10K_100Pc,Voice,Charged_bundle,750mins,"10,000",30,Voice_OM
6000535,125 mins_BTL_Zero,Voice,Zero_rated_bundle,125 Mins 60Mins Bonus,"5,000",30,Voice_OM
6071784,Paka Night Combo_1000_1GB+10mins_zero,Combo,Zero_rated_bundle,1 GB 10 Mins,"1,000",8,Combo
6049101,Daily_Roaming_400MB_Global_zero,Data,Zero_rated_bundle,400MB,"40,000",1,Data_OM
6071948,Daily 20Min5SMS5MB_zero,Voice,Zero_rated_bundle,20Min5SMS5MB,550,1,Voice_OM
6071584,Monthly_22GB_100pc_Zero,Data,Zero_Rated_Bundle,[NULL],"50,000",1,Data_OM
6071475,New Core_Market Combo_2500_1,Combo,Charged_bundle,[NULL],"2,500",1,Combo
60170,Bundle 60Mins_China_Postpaid_Zero,Voice,Zero_rated_bundle_Postpaid,60,"7,500",30,Voice_OM
6071557,Weekly_3500_1_Zero_25pc,Voice,Zero_Rated_Bundle,[NULL],"3,500",1,Voice_OM
6071429,Monthly_12GB_25PC,Data,Charged_bundle,12288,"30,000",720,Data_OM
6071026,Smartplan_Platinum,Combo,Charged_bundle,1000 Mins 200Mins Allnet 50GB 300SMS,"110,000",30,Combo
6000057,Bundle 30Mins,Voice,Charged_bundle,30,"5,000",7,Voice_OM
6071663,Monthly_Roaming_5GB_Saudi Arabia,Data,Charged_bundle,5120,"155,000",30,Data_OM
6071099,My_Pakalast_Combo_200,Combo,Charged_bundle,7 Mins 5MB 10SMS,200,1,VMP
6071686,DataPlusDaily_300MB_Zero,Data,Zero_rated_bundle,300MB,"1,000",1,Data_OM
6071955,Daily 70Min5SMS5MB,Voice,Charged_bundle,70Min5SMS5MB,"1,100",1,Voice_OM
6048994,FFF_2.5GB,Data,Charged_bundle,2.5GB,"4,000",3,FF
6070646,Booster 20GB_Zero,Data,Zero_rated_bundle,20GB,"50,000",30,Data_OM
6071499,Allnet_Market Combo_30000_1,COMBO,Charged_bundle,0,"30,000",30,Combo
6070871,Weekly_10GB_Zero,Data,Zero_rated_bundle,10 GB,"23,000",7,Data_OM
6070699,Sponsored_Data_AVAYA Spaces_10GB,Data,Sponsored_data_bundle,10240,0,90,Data_OM
6000467,LEAP_Smart Phone,Voice,Zero_rated_bundle,0,0,2160,Data_OM
6071876,5G_ODU_Monthly_100Mbps_Auto,Data,Zero_rated_bundle,1536000,"195,000",30,Data_OM
60020,Postpaid Combo 1,Voice,Charged_bundle_Postpaid,0,"30,000",30,Combo
60099,Private_50MB_PostPaid,Data,Charged_bundle,51200,"5,600",30,Data_OM
6071690,DataPlusDaily_1.5GB_Zero,Data,Zero_rated_bundle,1536MB,"3,000",1,Data_OM
60081,Private_1GB (Pride Microfinance)_PostPaid_Auto,Data,Charged_bundle,209715200,"10,000",30,Data_OM
6000497,FFF_combo_4.7GB_Zero,Combo,Zero_rated_bundle,4.7GB 20Mins,"7,500",3,FF
6071381,NEW_My_Pakalast_Combo_650,Combo,Charged_bundle,5242880,650,1,VMP
6071276,CMB 30K_50Pc_Zero,Voice,Zero_rated_bundle,2000mins,"30,000",30,Voice_OM
6070946,Wifi_45GB_ODU_Auto,Data,Charged_bundle,45GB,"75,000",30,Data_OM
6071110,My_Pakalast_Combo_1900,Combo,Charged_bundle,135 Mins 20MB 30SMS,"1,900",1,VMP
6000407,Daily_3.5GB_GM,Data,Charged_bundle,5 GB,"5,000",3,Data_OM
6071732,All net Voice Chillax_2500 Mins_50k_zero,Voice,Zero_rated_bundle,[NULL],"50,000",365,Voice_OM
6049194,KYC_monthly_100MB_free,Data,Free_bundle,100,0,30,Data_OM
6071545,Smartplan Platinum Plus Staff_3,Combo,Free bundle,[NULL],0,1,Combo
60218,CMB_2000Mins_PostPaid_Free,Voice,Charged_bundle_Postpaid,0,0,30,Voice_OM
6070901,Monthly_50GB_50pc_Zero,Data,Zero_rated_bundle,51539607552,"100,000",30,Data_OM
6071480,New Growth_Market Combo_30000_zero,Combo,Charged_bundle,[NULL],0,30,Combo
6071169,Daily_2000_Auto,Voice,Charged_bundle,[NULL],"2,000",1,Voice_OM
6071714,Weekly_4GB_Zero,Data,Zero_rated_bundle,4,"10,000",7,Data_OM
60046,48GB_PostPaid_Zero,Data,Zero_rated_bundle,51539607552,"100,000",30,Data_OM
6067907,New_Private_10GB,Data,Charged_bundle,10 GB,"150,000",30,Data_OM
6070923,Data_addon_100MB,Data,Charged_bundle,100 MB,300,1,Data_OM
6070378,WTF_200MB_Free_Test,Data,Free_bundle,200,0,1,Data_OM
6070957,Monthly_7.5GB_Zero,Data,Zero_rated_bundle,7.5 GB,"20,000",30,Data_OM
6070892,Daily_750MB_50pc_Zero,Data,Zero_rated_bundle,524288000,"2,000",1,Data_OM
6071681,DataPlusDaily_110MB,Data,Charged_bundle,110MB,500,1,Data_OM
60049,9GB_No Validity_PostPaid_Zero,Data,Zero_rated_bundle,9663676416,"25,000",0,Data_OM
6070754,FF_combo_3.8GB_Zero,Combo,Zero_rated_bundle,3.8GB 20Mins,"10,000",3,FF
60118,Private_UM_350MB_PostPaid_Auto,Data,Charged_bundle,358400,"13,500",30,Data_OM
6071274,Weekly Pakalast-6k_50Pc_Zero,Voice,Zero_rated_bundle,225mins,"6,000",7,Voice_OM
6070761,FFF_combo_6.5GB,Combo,Charged_bundle,6.5GB 20Mins,"10,000",3,FF
6057015,10 SMS_Zero,SMS,Zero_rated_bundle,10 SMS,500,30,SMS
6070570,Daily_500MB_TV Auto,Data,Charged_bundle,500MB,"2,000",1,Data_OM
6071591,Monthly_75GB_Pelatro,Data,Zero_rated_bundle,75,0,30,Data_OM
6071047,FF_3_Zero,Data,Zero_rated_bundle,3.5GB,"5,500",1,FF
6049036,Special_Data_Bundles_7_Medium,Data,Charged_bundle,9GB,"21,000",7,DMP
6071399,Kawa_Combo_3_500,Combo,Charged_bundle,2097152,500,1,Combo
6070855,Monthly_12GB,Data,Charged_bundle,12 GB,"30,000",30,Data_OM
60142,East Africa Small_Postpaid,Voice,Charged_bundle_Postpaid,10,"3,000",30,Voice_OM
6071685,DataPlusDaily_300MB,Data,Charged_bundle,300MB,"1,000",1,Data_OM
6070575,Weekly_1.17GB_Smart Auto,Data,Charged_bundle,1.17 GB,"7,000",7,Data_OM
60067,Voice Bundle 2_PostPaid_Zero,Voice,Zero_rated_bundle_Postpaid,0,"11,200",30,Voice_OM
6070801,AllNetCombo_2000_Zero,Voice,Zero_rated_bundle,400MB 40 Mins Allnetwork 20 SMS,"2,000",1,Combo
6071439,Monthly_3.25GB_25PC,Data,Charged_bundle,3328,"10,000",720,Data_OM
6070643,Staff_15GB_No Validity,Data,Zero_rated_bundle,16106127360,0,1,Data_OM
6071602,Weekly_2000_1,Voice,Charged_Bundle,[NULL],"2,000",1,Voice_OM
6071717,App_1GB_Free_Reg,Data,Zero_rated_bundle,1024,0,3,Data_OM
6071424,Weekly_5.5GB_25PC_Zero,Data,Zero_rated_bundle,5632,"15,000",168,Data_OM
6000528,Pakalast_Combo_BTL,Combo,Charged_bundle,30Mins 100MB Bonus,"1,000",1,Voice_OM
6071478,New Growth_Market Combo_2500_zero,Combo,Charged_bundle,[NULL],0,1,Combo
6071282,Kawa 20Mins_100Pc,Voice,Charged_bundle,20mins,500,1,Voice_OM
6048985,FFF_2GB,Data,Charged_bundle,2GB,"3,500",3,FF
60222,CUG_0K_Postpaid,Voice,Zero_rated_bundle,0,0,30,Voice_OM
60022,Postpaid Combo 3,Voice,Charged_bundle_Postpaid,0,"100,000",30,Combo
6071502,Allnet_Market Combo_7000_1_zero,COMBO,Zero_rated_bundle,0,"7,000",7,Combo
60058,Private_512Kbps_Speed_APN_PostPaid_Zero,Data,Zero_rated_bundle,209715200,"20,000",30,Data_OM
6071421,Weekly_1.5GB_25PC,Data,Charged_bundle,1536,"5,000",168,Data_OM
6071536,Smartplan Gold_Plus Allnet_Auto,Combo,Charged_Bundle,[NULL],"150,000",1,Combo
6000464,BeeraKo_70MB,Data,Charged_bundle,40 MB,555,1,Data_OM
6071597,Weekly_5.5GB_Pelatro,[NULL],Zero_rated_bundle,5.5,0,7,Data_OM
6070516,"East Africa Bundles 
Kenya, Rwanda, South Sudan",Voice,Charged_bundle,95 Mins,"25,000",30,Voice_OM
6071306,Private_100MB_Auto,Data,Charged_bundle,102400,"8,000",30,Data_OM
6071051,FF_combo_2_Zero,Combo,Zero_rated_bundle,5.2GB 20Mins,"7,500",3,FF
6071546,Pakalast Combo_1000_25Pc,Voice,Charged_Bundle,[NULL],"1,000",1,Voice_OM
726579265,CUG_RENT0_101_SMS,Voice,Zero_rated_bundle,[NULL],0,30,Voice_OM
6080991,CREDIT LIMIT - 190K,Voice,Zero_rated_bundle_Postpaid,0,0,30,Voice_OM
6071880,5G_ODU_Monthly_60Mbps_Zero,Data,Charged_bundle,1024000,"130,000",30,Data_OM
6100000,Sponsored Data _CHAP CHAP,Data,Sponsored_data_bundle,204800,0,24,Data_OM
6049098,Weekly_Roaming_1.5GB_ONEAirtel_Zero,Data,Zero_rated_bundle,1.5GB,"10,000",7,Data_OM
6000360,Weekly_5GB_LTE_GM_Free,Data,Free_bundle,5120,0,7,Data_OM
6071488,New Core_Market Combo_7000_1_zero,Combo,Charged_bundle,[NULL],0,7,Combo
6071401,NEW_BOONA Weekly_2500,Voice,Charged_bundle,35,"2,500",7,Voice_OM
6080965,CREDIT LIMIT - 60K,Voice,Zero_rated_bundle_Postpaid,0,0,30,Voice_OM
6071152,Voice Allnet Monthly_30000_Zero,Voice,Zero_rated_bundle,800 Allnetworks,"30,000",30,Voice_OM
60085,Voice Bundle 2_PostPaid_Auto,Voice,Charged_bundle_Postpaid,0,"11,200",30,Voice_OM
6071337,New Pakalast_GM 2_Zero,Voice,Zero_rated_bundle,[NULL],"1,000",1,Voice_OM
6071273,Weekly Kawa-3500_50Pc_Zero,Voice,Zero_rated_bundle,90mins,"3,500",7,Voice_OM
6071418,Daily_1.5GB_25PC_Zero,Data,Zero_rated_bundle,1536,"3,000",24,Data_OM
60070,79GB_PostPaid_Auto,Data,Charged_bundle,84825604096,"150,000",30,Data_OM
6070621,Wifi_8GB_ODU,Data,Charged_bundle,8GB,"20,000",30,Data_OM
6071320,CMB_15K_Calendar,Voice,Charged_bundle,[NULL],"15,000",30,Voice_OM
6071677,Chillax_150MB,Data,Charged_bundle,150,"1,000",365,Data_OM
6018834,Special Plan Band3-2,Combo,Charged_bundle,[NULL],"1,500",24,DMP
6000460,Birthday_1GB_Free,Data,Free_bundle,1 GB,0,30,Data_OM
60109,Private_UM_350MB_PostPaid_Zero,Data,Zero_rated_bundle,358400,"13,500",30,Data_OM
6071833,4G Smart Connect_Monthly_40GB,Data,Charged_bundle,[NULL],"50,000",30,Data_OM
6000379,Eritrea,Voice,Charged_bundle,20 Mins,"23,000",30,Voice_OM
6051437,BeeraKo_Paka,Voice,Charged_bundle,20 Mins,"1,110",1,Voice_OM
6071206,Chillax_5GB_Zero,Data,Zero_rated_bundle,5120,"16,000",365,Data_OM
6071410,Daily_30MB_25PC_Zero,Data,Zero_rated_bundle,30,250,24,Data_OM
6000069,Bouns 10 Min,Voice,Zero_rated_bundle,10,0,4,Voice_OM
6070981,DMP_850_Zero,Data,Zero_rated_bundle,860MB,"2,500",1,DMP
6070274,Bundle 60Mins_USA_Zero,Voice,Zero_rated_bundle,60,"7,500",1,Voice_OM
6071256,Kawa_50Pc,Voice,Charged_bundle,10mins,500,1,Voice_OM
6071939,Private APN 4Mbps_Postpaid,[NULL],Charged_bundle,300GB,"15,000",30,Postpaid_Data
6071021,50_SMS_Zero,SMS,Zero_rated_bundle,50 SMS,250,1,SMS
60138,Weekly_Roaming_1.5GB_ONEAirtel_Postpaid_Zero,Data,Zero_rated_bundle,1572864000,"10,000",7,Data_OM
6000544,Pakalast_Combo_BTL_Zero,Voice,Zero_rated_bundle,30Mins 100MB Bonus,"2,000",1,Voice_OM
60212,CMB_5K_PostPaid,Voice,Charged_bundle_Postpaid,0,"5,000",30,Voice_OM
3600081,Monthly_4GB_Free,Data,Free_bundle,4096,0,30,Data_OM
6071002,Voice ALL net offer_1000,Voice,Charged_bundle,30 Mins Allnetworks,"1,000",1,Voice_OM
6071250,Weekly Pakalast-6k_25Pc_Zero,Voice,Zero_rated_bundle,[NULL],"6,000",7,Voice_OM
6070873,Monthly_12GB_Zero,Data,Zero_rated_bundle,12 GB,"30,000",30,Data_OM
6071554,Kawa Combo_500_Zero_25pc,Voice,Zero_Rated_Bundle,[NULL],500,1,Voice_OM
6071225,FH_combo_9_Zero,Combo,Zero_rated_bundle,[NULL],"7,000",3,FF
6049035,Special_Data_Bundles_6_Medium,Data,Charged_bundle,6.3GB,"16,000",7,DMP
6071369,5G Ultra_Monthly_220GB_2 GB daily_150K_auto,Data,Charged_bundle,[NULL],"150,000",30,Data_OM
6071916,1000 Onnet+100 Allnet+10 GB+50 SMS_Postpaid_Auto,[NULL],Charged_bundle,1000 Onnet+100 Allnet+10 GB+50 SMS,"30,000",30,Postpaid_Combo
60217,CMB_1200Mins_PostPaid_Free,Voice,Charged_bundle_Postpaid,0,0,30,Voice_OM
6071389,7day_600MB,Data,Charged_bundle,629145600,"1,000",168,Data_OM
6000538,Daily 3 GB_BTL_Zero,Data,Zero_rated_bundle,3072 MB 600MB Bonus,"10,000",1,Data_OM
6071100,My_Pakalast_Combo_300,Combo,Charged_bundle,12 Mins 5MB 10SMS,300,1,VMP
6000390,Bundle_ILD_20Mins_DRC_Zero,Voice,Zero_rated_bundle,[NULL],"40,000",30,Voice_OM
6070734,Sponsored_Data_LIFENET_5.12GB,Data,Sponsored_data_bundle,5497558016,0,2160,Data_OM
3600069,Monthly_10MB_Free,Data,Free_bundle,10,0,30,Data_OM
6071074,Voice Chillax_200 Mins_Zero,Voice,Zero_rated_bundle,200 Mins,"10,000",365,Voice_OM
6018976,Special Plan Band8-3,Combo,Charged_bundle,[NULL],550,24,DMP
3600095,Private_LL_70GB,Data,Charged_bundle,70 GB,"716,000",30,Data_OM
6071165,Monthly_3GB_SSO_Free,Data,Free_bundle,3221225472,0,720,Data_OM
6080972,CREDIT LIMIT - 95K,Voice,Zero_rated_bundle_Postpaid,0,0,30,Voice_OM
6070862,Weekly_10GB_Auto,Data,Charged_bundle,10 GB,"23,000",7,Data_OM
6300179,CREDIT LIMIT - 1K,[NULL],Zero_rated_bundle_postpaid,1000 Airtime,"1,000",30,Voice_OM
6071604,Weekly_6000_1,Voice,Charged_Bundle,[NULL],"6,000",1,Voice_OM
60224,CUG_0K_Postpaid,Data,Charged_bundle,0,0,30,Voice_OM
6037027,CUG_25K_CMB (6035917),Voice,Charged_bundle,1200mins,"25,000",30,Voice_OM
6070790,Monthly_3.5GB,Data,Charged_bundle,3.5GB,"15,000",30,Data_OM
6070678,Sponsored_Data_MedX_0.51GB,Data,Sponsored_data_bundle,524,0,30,Data_OM
6070912,Sponsored_Data_MJAP_3.07GB,Data,Sponsored_Data,3221225,0,90,Data_OM
6000524,Weekly 1GB_BTL,Data,Charged_bundle,1024 MB 200MB Bonus,"7,000",7,Data_OM
6081013,CREDIT LIMIT - 300K,Voice,Zero_rated_bundle_Postpaid,0,0,30,Voice_OM
6071785,5G _Booster Unlimited Plan,Data,Charged_bundle,[NULL],"50,000",30,Data_OM
6045635,CMB_100k,Voice,Charged_bundle,4300 Mins,"100,000",30,Voice_OM
6049317,FF_4GB_Zero,Data,Zero_rated_bundle,4GB,"6,500",3,FF
60021,Postpaid Combo 2,Voice,Charged_bundle_Postpaid,0,"50,000",30,Combo
6071062,Wifi_65GB_Plus_50_Bonus_Zero,Data,Zero_rated_bundle,34896609280,0,720,Data_OM
6071903,150 Onnet+50 Allnet+6 GB+50 SMS_Zero,Combo,Zero_rated_bundle,[NULL],"15,000",30,Combo
60194,Europe Daily_Postpaid_Zero,Voice,Zero_rated_bundle_Postpaid,10,"3,000",30,Voice_OM
6070601,1.5GB_No Validity,Data,Charged_bundle,[NULL],"7,500",365,Data_OM
6000503,Sponsored_data_2GB_ISBAT,Data,Sponsored_data_bundle,1495.04,0,150,Data_OM
6070652,Sponsored_data_12GB_ST_MARYS_COLLEGE_LUGAZI,Data,Sponsored_data_bundle,12288,0,30,Data_OM
60205,CMB_5K_PostPaid_Auto,Voice,Charged_bundle_Postpaid,0,"5,000",30,Voice_OM
6070891,Daily_180MB_50pc_Zero,Data,Zero_rated_bundle,180MB,"1,000",1,Data_OM
60191,Bundle 30Mins_Postpaid_Zero,Voice,Zero_rated_bundle_Postpaid,30,"5,000",30,Voice_OM
60121,Private_1GB_New_PostPaid_Auto,Data,Charged_bundle,1048576,"45,000",30,Data_OM
6071489,New Core_Market Combo_30000_1_zero,Combo,Charged_bundle,[NULL],0,30,Combo
6071375,NEW _My_Pakalast_Combo_300,Combo,Charged_bundle,5242880,300,1,VMP
6071232,Kawa_25Pc,Voice,Charged_bundle,[NULL],500,1,Voice_OM
6071425,Weekly_11GB_25PC,Data,Charged_bundle,11264,"25,000",168,Data_OM
6071391,7day_1.5GB,Data,Charged_bundle,1610612736,"2,000",168,Data_OM
6000383,Saudi Arabia,Voice,Charged_bundle,40 Mins,"23,800",30,Voice_OM
6071342,HBB_Monthly_25GB_0.5GB_daily_auto,Data,Charged_bundle,[NULL],"50,000",30,Data_OM
60095,1000SMS_PostPaid_Auto,SMS,Charged_bundle,1000,"5,000",30,SMS
6300169,HYBRID ADD ON - 500,[NULL],Zero_rated_bundle_postpaid,500 Airtime,500,30,HYBRID
6071899,Weekly 3.5GB _GM,Data,Charged_bundle,[NULL],"10,000",7,Data_OM
6052810,Device_100MB_Free,Data,Free_bundle,100,0,30,Data_OM
6071187,"New_Weekly Supa Combo_10,000_Auto",Combo,Charged_bundle,[NULL],"10,000",7,Combo
6000432,Sponsored_data_100GB_Stanbic,Data,Sponsored_data_bundle,1.07E+11,0,90,Data_OM
6071180,BOONA Weekly_2500_Auto,Voice,Charged_bundle,[NULL],"2,500",7,Voice_OM
6071233,Daily 2000_25Pc,Voice,Charged_bundle,[NULL],"2,000",1,Voice_OM
60000,500MB_PostPaid,Data,Charged_bundle,524288000,"5,000",30,Data_OM
6071832,4G Smart Connect_Monthly_15GB_Zero,Data,Zero_rated_bundle,[NULL],"25,000",30,Data_OM
6071102,My_Pakalast_Combo_550,Combo,Charged_bundle,25 Mins 5MB 10SMS,550,1,VMP
6045603,Weekly Kawa,Voice,Charged_bundle,90 Mins,"3,500",7,Voice_OM
60153,INDIA_Monthly_Postpaid,Voice,Charged_bundle,100,"10,000",30,Voice_OM
6057017,125 SMS_Zero,SMS,Zero_rated_bundle,125 SMS,"5,000",30,SMS
6071379,NEW_My_Pakalast_Combo_550,Combo,Charged_bundle,5242880,550,1,VMP
6071907,Daily 3GB_3hrs_Zero,Data,Zero_rated_bundle_Postpaid,3072,"3,000",0.125,Data_OM
6071482,New Growth_Market Combo_7000_1_zero,Combo,Charged_bundle,[NULL],0,7,Combo
6049045,Special_Data_Bundles_8_Small,Data,Charged_bundle,3GB,"11,000",1,DMP
6071092,25_SMS_Calendar,SMS,Charged_bundle,25,"1,000",30,SMS
6081006,CREDIT LIMIT - 265K,[NULL],Zero_rated_bundle_postpaid,[NULL],"265,000",30,Voice_OM
6071372,Pakalast 50_Allnet_Zero,Voice,Zero_rated_bundle,50,"1,000",1,Voice_OM
6071469,New Growth_Market Combo_2500_1,Combo,Charged_bundle,[NULL],"2,500",1,Combo
60023,Postpaid Combo 4,Voice,Charged_bundle_Postpaid,0,"150,000",30,Combo
6037103,Paka Night,Voice,Charged_bundle,20 Mins,300,8,Voice_OM
6300129,HYBRID ADD ON - 160K,Voice,Zero_rated_bundle_Postpaid,0,0,30,HYBRID
6081012,HYBRID ADD ON - 170K,Voice,Zero_rated_bundle_Postpaid,[NULL],0,30,HYBRID
6080998,CREDIT LIMIT - 225K,Voice,Zero_rated_bundle_Postpaid,0,0,30,Voice_OM
6071576,Weekly_5.5GB_100pc_Zero,Data,Zero_Rated_Bundle,[NULL],"15,000",7,Data_OM
6071043,FH_combo_6,Combo,Charged_bundle,4.8GB 20Mins,"7,500",4,FF
757174367,CUG_10K_PKG_757174367,Voice,Charged_bundle,72000mins,"10,000",30,Voice_OM
6071661,Monthly_Roaming_4GB_USA,Data,Charged_bundle,4096,"40,000",30,Data_OM
6049085,Weekly_Roaming_1.5GB_ONEAirtel,Data,Charged_bundle,1.5GB,"10,000",7,Data_OM
6071444,5G_Unlimited_10Mbps_auto,Data,Charged_bundle,1073741824,"130,000",720,Data_OM
6049082,Daily_2000,Voice,Charged_bundle,100 Mins,"2,000",1,Voice_OM
6071231,Pakalast_25Pc,Voice,Charged_bundle,[NULL],"1,000",30,Voice_OM
60133,Daily_Roaming_400MB_GLOBAL_Postpaid_Zero,Data,Zero_rated_bundle,419430400,"40,000",24,Data_OM
6071266,Voice_300min_50Pc,Voice,Charged_bundle,300mins,"10,000",30,Voice_OM
6080999,CREDIT LIMIT - 230K,Voice,Zero_rated_bundle_Postpaid,0,0,30,Voice_OM
6037395,100_SMS_Daily PLUS,SMS,Charged_bundle,100 SMS,500,1,SMS
60094,25_SMS_PostPaid_Auto,SMS,Charged_bundle,25,"1,000",30,SMS
6071359,HBB_5GB_Weekly_Bundle,Data,Zero_rated_bundle,5368709120,0,7,Data_OM
6040360,Paka Night_Zero,Voice,Zero_rated_bundle,20 Mins,300,8,Voice_OM
6018429,125 SMS AutoRenew,SMS,Charged_bundle,125 SMS,"5,000",30,SMS
6071202,Weekly_11GB_Zero,Data,Zero_rated_bundle,11GB,"25,000",7,Data_OM
6071259,Pakalast 50Mins_50Pc,Voice,Charged_bundle,50mins,"1,000",30,Voice_OM
[NULL],Monthly_22GB_Pelatro_25pc,Data,Charged_bundle,[NULL],0,30,Data_OM
6071357,HBB_Monthly_260GB_3GB_daily_auto,Data,Charged_bundle,[NULL],"300,000",30,Data_OM
60166,Bundle_7Mins_Qatar_Postpaid,Voice,Charged_bundle_Postpaid,7,"5,600",30,Voice_OM
6070564,Quarterly_10GB Auto,Data,Charged_bundle,10GB,"78,000",90,Data_OM
6071889,Weekly 15GB_zero,Data,Zero_rated_bundle,[NULL],"25,000",30,Data_OM
6100001,free_url_airtel_care_app_daily,Data,Free_bundle,104857600,0,1,Data_OM
6070611,4G_Phone_1GB_Bundle,Data,Zero_rated_bundle,1073741824,0,30,Data_OM
6046560,500 SMS,SMS,Charged_bundle,500,"30,000",30,SMS
6070837,GrowthMarketTariff,Voice,Zero_rated_bundle,0,0,0,Voice_OM
6071411,Daily_70MB_25PC,Data,Charged_bundle,70,500,24,Data_OM
6070632,Sponsored_Data_GS_Virtual_3GB,Data,Sponsored_data_bundle,3072,0,30,Data_OM
6000381,Oman,Voice,Charged_bundle,20 Mins,"29,000",30,Voice_OM
6300126,HYBRID ADD ON - 130K,Voice,Zero_rated_bundle_Postpaid,0,0,30,HYBRID
6071370,5G Ultra_Monthly_220GB_2GB daily_150K_zero,Data,Zero_rated_bundle,[NULL],"150,000",30,Data_OM
6049183,Wifi_65GB_ODU,Data,Charged_bundle,65GB,"100,000",30,Data_OM
6071331,NEW Pakalast_GM 2,Voice,Charged_bundle,[NULL],"1,000",1,Voice_OM
6000515,Pakalast_BTL,Voice,Charged_bundle,30 Mins 15 Mins Bonus,"1,000",1,Voice_OM
6080960,CREDIT LIMIT - 35K,Voice,Zero_rated_bundle_Postpaid,0,0,30,Voice_OM
6071592,Monthly_48GB_Pelatro,[NULL],Zero_rated_bundle,48,0,30,Data_OM
6049088,Weekly_Roaming_1GB_GLOBAL,Data,Charged_bundle,1GB,"110,000",7,Data_OM
6070944,Wifi_45GB_IDU_Zero,Data,Zero_rated_bundle,46080,0,30,Data_OM
6070763,FF_7GB,Data,Charged_bundle,7GB,"10,000",3,FF
6071203,Monthly_75GB_Zero,Data,Zero_rated_bundle,75GB,"150,000",30,Data_OM
60078,Private_128Kbps_Speed_APN_PostPaid_Auto,Data,Charged_bundle,209715200,"10,000",30,Data_OM
6071313,Smartplan Gold_Plus_Auto,Combo,Charged_bundle,[NULL],"150,000",744,Combo
6071354,HBB_Monthly_160GB_2.5GB_daily_auto,Data,Charged_bundle,[NULL],"200,000",30,Data_OM
6071245,Daily 2000_25Pc_Zero,Voice,Zero_rated_bundle,[NULL],"2,000",1,Voice_OM
6071703,Data_Bonus_300MB,Data,Zero_rated_bundle,[NULL],0,[NULL],Data_OM
6000333,CUG_Rent5k_HASS_petroleum,Voice,Charged_bundle,0,"5,000",0,Voice_OM
6070567,Daily_500MB_DSTV Auto,Data,Charged_bundle,500MB,"2,000",1,Data_OM
6071029,Smartplan_Gold_Zero,Combo,Zero_rated_bundle,800 Mins 100Mins Allnet 25GB 200SMS,"60,000",30,Combo
6071684,DataPlusDaily_280MB_Zero,Data,Zero_rated_bundle,280MB,700,1,Data_OM
6071351,HBB_Monthly_110GB_2GB_daily_auto,Data,Charged_bundle,[NULL],"150,000",30,Data_OM
6071139,Voice Allnet Weekly _2500,Voice,Charged_bundle,40 Mins Allnetworks,"2,500",7,Voice_OM
6070857,Daily_500MB_Auto,Data,Charged_bundle,500 MB,"2,000",1,Data_OM
6300173,HYBRID ADD ON - 2.5k,[NULL],Zero_rated_bundle_postpaid,2500 Airtime,"2,500",30,HYBRID
6049051,Special_Data_Bundles_4 _Small_Zero,Data,Zero_rated_bundle,200 MB,"1,200",1,DMP
6070577,Weekly_7GB_Smart Auto,Data,Charged_bundle,7 GB,"20,000",7,Data_OM
6070597,Wifi_260GB_IDU_Auto,Data,Charged_bundle,260GB,"300,000",30,Data_OM
60056,Private_128Kbps_Speed_APN_PostPaid_Zero,Data,Zero_rated_bundle,209715200,"10,000",30,Data_OM
6081007,CREDIT LIMIT - 270K,Voice,Zero_rated_bundle_Postpaid,[NULL],0,30,Voice_OM
6049095,Roaming_Combo_25K_ZERO,Combo,Zero_rated_bundle,10mins 100MB,"25,000",30,Combo
6000526,1.5 GB_BTL,Data,Charged_bundle,1536 MB 250MB Bonus,"10,000",30,Data_OM
6071096,CUG_5K_Calendar,Voice,Charged_bundle,[NULL],"5,000",30,Combo
60181,Bundle_20Mins_Eritrea_Postpaid_Zero,Voice,Zero_rated_bundle_Postpaid,20,"23,000",30,Voice_OM
6071298,Weekly Pakalast-6k_100Pc_Zero,Voice,Zero_rated_bundle,225mins,"6,000",7,Voice_OM
6000499,Sponsored_data_2GB_3COM LTD,Data,Sponsored_data_bundle,6291456,0,90,Data_OM
3546171,Bundle1_10k,Voice,Charged_bundle,55,"10,000",30,Voice_OM
6048988,FF_2.75GB_Zero,Data,Zero_rated_bundle,2.75GB,"4,000",1,FF
6071886,Weekly 5GB,Data,Charged_bundle,[NULL],"10,000",7,Data_OM
6045282,China,Voice,Charged_bundle,60 Mins,"7,500",1,Voice_OM
6063573,Roaming_Combo1_25K,Combo,Charged_bundle,10mins 100MB,"25,000",15,Combo
60051,50GB_No Validity_PostPaid_Zero,Data,Charged_bundle,52428800,"100,000",0,Data_OM
6071160,Allnet_200_SGM_Zero,Voice,Charged_bundle,7mins,200,1,Voice_OM
60019,Private_1GB (Pride Microfinance)_PostPaid,Data,Charged_bundle,209715200,"10,000",30,Data_OM
60005,22GB_PostPaid,Data,Charged_bundle,23622320128,"50,000",30,Data_OM
6000111,CUG_RENT15K_50011,Voice,Charged_bundle,100mins,"15,000",30,Voice_OM
6071722,Gamification 5 Minutes,Voice,Zero_rated_bundle,5,0,4,Voice_OM
60167,Bundle_30Mins_Qatar_Postpaid,Voice,Charged_bundle_Postpaid,30,"24,000",30,Voice_OM
6036828,Kawa_Zero,Voice,Zero_rated_bundle,10 Mins,500,1,Voice_OM
6071349,HBB_Monthly_65GB_1.5GB_daily_zero,Data,Zero_rated_bundle,69793218560,"100,000",30,Data_OM
6300113,HYBRID ADD ON - 5K,Voice,Zero_rated_bundle_Postpaid,0,0,30,HYBRID
6049084,Daily_Roaming_850MB_ONEAirtel,Data,Charged_bundle,850MB,"5,000",1,Data_OM
60063,Voice Bundle 2_PostPaid,Voice,Charged_bundle_Postpaid,0,"11,200",30,Voice_OM
6070839,AM Data Bundle,Data,Charged_bundle,75MB,0,1,Data_OM
6080992,CREDIT LIMIT - 195K,[NULL],Zero_rated_bundle_postpaid,[NULL],"195,000",30,Voice_OM
6018423,25 SMS AutoRenew,SMS,Charged_bundle,25 SMS,"1,000",30,SMS
6049186,Icontrol_Combo_30k,Combo,Charged_bundle,[NULL],"30,000",30,Combo
6070978,DMP_300_Zero,Data,Zero_rated_bundle,300MB,"1,500",1,DMP
6049068,Special_Data_Bundles_1_Large_Zero,Data,Zero_rated_bundle,85MB,600,1,DMP
6300137,HYBRID ADD ON - 400K,Voice,Zero_rated_bundle_Postpaid,0,0,30,HYBRID
6000434,Weekly_200MB_App_Free,Data,Free_bundle,524288000,0,7,Data_OM
6071895,Daily 1 GB_zero,Data,Zero_rated_bundle,[NULL],"2,000",1,Data_OM
6071164,Unlimited_1000_SGM _Zero,Voice,Zero_Rated_Bundle,40,"1,000",1,Voice_OM
6000470,India,Voice,Charged_bundle,100 Mins,"10,000",30,Voice_OM
6081058,CREDIT LIMIT - 520K,Voice,Zero_rated_bundle_Postpaid,[NULL],0,30,Voice_OM
60052,Annual 300GB_PostPaid_Zero,Data,Zero_rated_bundle,314572800,"1,500,000",365,Data_OM
6049038,Special_Data_Bundles_1_Large,Data,Charged_bundle,85MB,600,1,DMP
3600050,Private_100MB_500SMS,Data,Charged_bundle,100MB 500 SMS,"15,500",30,Combo
6071553,Pakalast Combo_1000_Zero_25pc,Voice,Zero_Rated_Bundle,[NULL],"1,000",1,Voice_OM
6070645,Booster 10GB_Zero,Data,Zero_rated_bundle,10GB,"20,000",30,Data_OM
6071952,Daily 40Min_zero,Voice,Zero_rated_bundle,40Min,"1,100",1,Voice_OM
6071928,Month 3k Onnet+250 Allnet+45 GB+250 SMS_Postp,[NULL],Charged_bundle,3000 Onnet+250 Allnet+45 GB+250,"70,000",30,Postpaid_Combo
60097,Private_3GB_PostPaid,Data,Charged_bundle,3145728,"40,000",30,Data_OM
6071958,5G_ODU_Bi-Annual_Unlimited_15Mbps_Acquisition,Data,Charged_bundle,[NULL],"500,000",90,Data_OM
60037,50 SMS_Zero,SMS,Zero_rated_bundle,50,"2,000",30,SMS
6071300,CMB 30K_100Pc_Zero,Voice,Zero_rated_bundle,2000mins,"30,000",30,Voice_OM
6071428,Monthly_3.25GB_25PC_Zero,Data,Zero_rated_bundle,3328,"10,000",720,Data_OM
6071380,NEW_My_Pakalast_Combo_550_Zero,Combo,Zero_rated_bundle,5242880,550,1,VMP
6071656,Voice Combo_1000_zero,Data,Zero_rated_bundle,[NULL],"1,000",1,Data_OM
6300118,HYBRID ADD ON - 50K,Voice,Zero_rated_bundle_Postpaid,0,0,30,HYBRID
6071321,Icontrol_Combo_30K_Calendar,Combo,Charged_bundle,[NULL],"30,000",30,Combo
6071265,Voice_125min_50Pc,Voice,Charged_bundle,125mins,"5,000",30,Voice_OM
6071635,Sponsored_Data_Posta_61.44GB,Data,Free_Bundle,[NULL],0,90,Data_OM
60062,Voice Bundle 1_PostPaid,Voice,Charged_bundle_Postpaid,0,"5,600",30,Voice_OM
6071476,New Core_Market Combo_7000_1,Combo,Charged_bundle,[NULL],"7,000",7,Combo
6071594,Monthly_12GB_Pelatro,[NULL],Zero_rated_bundle,12,0,30,Data_OM
6071647,FW_4.5GB,Data,Charged_bundle,4608,"5,000",4,FF
6070689,3GB_Night_Gamification,Data,Zero_rated_bundle,3221225472,0,1,Data_OM
6071027,Smartplan_Platinum_Zero,Combo,Zero_rated_bundle,1000 Mins 200Mins Allnet 50GB 300SMS,"110,000",30,Combo
6071433,Monthly_48GB_25PC,Data,Charged_bundle,49152,"100,000",720,Data_OM
6071423,Weekly_5.5GB_25PC,Data,Charged_bundle,5632,"15,000",168,Data_OM
6070936,Wifi_8GB_IDU_Auto,Data,Charged_bundle,8GB,"20,000",30,Data_OM
6070557,Monthly_500MB Auto,Data,Charged_bundle,500 MB,"5,000",30,Data_OM
6070562,Monthly_65GB Auto,Data,Charged_bundle,65 GB,"150,000",30,Data_OM
6071130,"New_Weekly Supa Combo_10,000",Combo,Charged_bundle,100 Mins 3GB 100SMS,"10,000",7,Combo
6071508,Voice_40_mins_zero,Voice,Zero_rated_Bundle,40,"1,000",1,Voice_OM
6070879,Daily_2.2GB_50pc,Data,Charged_bundle,[NULL],"5,000",1,Data_OM
6067129,Monthly_1GB_LTE_Free,Data,Free_bundle,1024,0,30,Data_OM
6070572,Monthly_12GB_TV Auto,Data,Charged_bundle,12 GB,"30,000",30,Data_OM
6070938,Wifi_25GB_IDU_Zero,Data,Zero_rated_bundle,25GB,0,30,Data_OM
6070964,DMP_850,Data,Charged_bundle,860 MB,"2,500",1,DMP
6070993,Sponsored Data _ 70 TB Ministry of Education,Data,Sponsored_data_bundle,5920447488,0,2160,Data_OM
60041,3.25GB_PostPaid_new_Zero,Data,Zero_rated_bundle,3489660928,"10,000",30,Data_OM
6000453,Booster 20GB_Zero,Data,Zero_rated_bundle,20 GB,"50,000",30,Data_OM
6071875,5G_ODU_Monthly_100Mbps,Data,Charged_bundle,1536000,"195,000",30,Data_OM
6071925,Month 1k Onnet+100 Allnet+10 GB+50 SMS_Postp_Auto,[NULL],Charged_bundle,1000 Onnet+100 Allnet+10 GB+50 SMS,"30,000",30,Postpaid_Combo
6081002,CREDIT LIMIT - 245K,Voice,Zero_rated_bundle_Postpaid,0,0,30,Voice_OM
6049185,Wifi_260GB_ODU,Data,Charged_bundle,260GB,"300,000",30,Data_OM
6070641,Sponsored_Data_Centernary_50GB,Data,Sponsored_data_bundle,51200,0,30,Data_OM
6071863,5G_ODU_Bi-Annual_Unlimited_100Mbps,Data,Charged_bundle,9216000,"975,000",180,Data_OM
6071710,Voice Chillax_30mins,Voice,Charged_bundle,30,"1,000",365,Voice_OM
6070730,Daily_400MBs_Auto,Data,Charged_bundle,400 MBs,"2,000",1,Data_OM
6070663,Sponsored_data_Interswitch_1.02GB,Data,Sponsored_data_bundle,1099511628,0,2160,Data_OM
6070707,WIFI_EBB_200GB_Zero,Data,Zero_rated_bundle,200GB,"315,000",30,Data_OM
6000509,FH_Combo 4,Combo,Charged_bundle,5GB 20Mins,"10,000",4,FF
6070928,Data_addon_40MB_Zero,Data,Zero_rated_bundle,40 MB,150,1,Data_OM
3600071,Monthly_50MB_Free,Data,Free_bundle,50,0,30,Data_OM
6071851,150 Onnet+50 Allnet+3 GB+50 SMS_Zero,Voice,Zero_rated_bundle,[NULL],"15,000",30,Combo
6071790,5G_Router_Bi-Annual_Unlimited_15Mbps_Zero,Data,Zero_rated_bundle,[NULL],"650,000",180,Data_OM
3600052,Private_1.5G_500SMS,Data,Charged_bundle,1.5GB 500 SMS,"27,500",30,Data_OM
6067915,New_Private_100GB,Data,Charged_bundle,100 GB,"1,350,000",30,Data_OM
60032,Postpaid Combo 3_Zero,Voice,Zero_rated_bundle_Postpaid,0,"100,000",30,Combo
6070977,DMP_165_Zero,Data,Zero_rated_bundle,165GB,"1,000",1,DMP
6071586,Monthly_48GB_100pc_Zero,Data,Zero_Rated_Bundle,[NULL],"100,000",1,Data_OM
6000430,Sponsored_data_8.78GB_ISBAT,Data,Sponsored_data_bundle,8990.72,0,90,Data_OM
6000388,Bundle_32Mins_UAE_Zero,Voice,Zero_rated_bundle,32,"25,600",30,Voice_OM
[NULL],Monthly_12GB_Pelatro_25pc,Data,Charged_bundle,[NULL],0,30,Data_OM
6000484,Sponsored_data_13.65GB_Kisubi,Data,Sponsored_data_bundle,6291456,0,90,Data_OM
6000372,Night_5GB,Data,Charged_bundle,5 GB,"4,000",10,Data_OM
6070847,ADDON_Growth_MKT_Zero,Voice,Zero_rated_bundle,25 Mins,500,12,Voice_OM
6071311,Private_512Kbps_Speed_APN_Auto,Data,Charged_bundle,209715200,"20,000",30,Data_OM
6071205,Chillax_2.1GB_Zero,Data,Zero_rated_bundle,2048,"7,500",365,Data_OM
6049034,Special_Data_Bundles_5_Medium,Data,Charged_bundle,4GB,"11,000",7,DMP
6070877,Daily_180MB_50pc,Data,Charged_bundle,180MB,"1,000",1,Data_OM
6071937,Private APN 3Mbps_Postpaid_Auto,[NULL],Charged_bundle,300GB,"10,000",30,Postpaid_Data
6070634,ENT_LASTMILE_APN,Data,Zero_rated_bundle,2.10E+12,0,30,Data_OM
6070861,Weekly_5.5GB_Auto,Data,Charged_bundle,5.5 GB,"15,000",7,Data_OM
6071870,5G_ODU_Quarterly_Unlimited_100Mbps_Zero,Data,Zero_rated_bundle,4608000,"525,000",90,Data_OM
6071839,4G Smart Connect_Monthly_235GB,Data,Charged_bundle,[NULL],"200,000",30,Data_OM
6018431,200 SMS Autorenew,SMS,Charged_bundle,200 SMS,"1,000",7,SMS
6070914,Smartplan_Platinum_Plus_Zero,Combo,Zero_rated_bundle,1500 Mins 300Mins Allnet 150GB 1000SMS,"250,000",30,Combo
6070908,All_Net_Bundle 2_2000,Voice,Charged_bundle,70 Mins Allnetworks,"2,000",1,Voice_OM
6070995,Voice ALL net offer Core_Zero,Voice,Zero_rated_bundle,6 Mins Allnetworks,500,1,Voice_OM
6049071,Special_Data_Bundles_4_Large_Zero,Data,Zero_rated_bundle,3.6 GB,"11,000",30,DMP
6000405,Daily_300MB_GM,Data,Charged_bundle,300 MB,"1,000",1,Data_OM
3600023,Annual_300GB,Data,Charged_bundle,300GB,"1,500,000",365,Data_OM
6071412,Daily_70MB_25PC_Zero,Data,Zero_rated_bundle,70,500,24,Data_OM
60110,Private_250MB_PostPaid_Zero,Data,Zero_rated_bundle,256000,"14,500",30,Data_OM
6071950,Daily 33Min5SMS5MB_zero,Voice,Zero_rated_bundle,33Min5SMS5MB,550,1,Voice_OM
6071882,5G_ODU_Monthly_15Mbps_Auto,Data,Zero_rated_bundle,512000,"100,000",30,Data_OM
6071864,5G_ODU_Bi-Annual_Unlimited_100Mbps_Zero,Data,Zero_rated_bundle,9216000,"975,000",180,Data_OM
6070693,2GB_Airteltv_Gamification,Data,Zero_rated_bundle,2147483648,0,7,Data_OM
6070700,Sponsored_Data_AVAYA Spaces_20GB,Data,Sponsored_data_bundle,20480,0,90,Data_OM
6071309,Private_128Kbps_Speed_APN_Auto,Data,Charged_bundle,209715200,"10,000",30,Data_OM
6071242,Voice_300min_25Pc,Voice,Charged_Bundle,[NULL],"10,000",1,Voice_OM
6071830,4G Smart Connect_Monthly_15GB,Data,Charged_bundle,[NULL],"25,000",30,Data_OM
6071070,Voice Chillax_1300 Mins,Voice,Charged_bundle,1300 Mins,"30,000",365,Voice_OM
6071128,My_Pakalast_Combo_2500_Zero,Combo,Zero_rated_bundle,250 Mins 20MB 30SMS,"2,500",1,VMP
6071032,Free daily 50MB,Data,Free_bundle,52428800,0,1,Data_OM
6000534,Weekly 225 mins_BTL_Zero,Voice,Zero_rated_bundle,"225 Mins 100Mins, Bonus","6,000",7,Voice_OM
6070893,Daily_2.2GB_50pc_Zero,Data,Zero_rated_bundle,2362231808,"5,000",72,Data_OM
60064,CMB_50K_PostPaid_Zero,Voice,Zero_rated_bundle_Postpaid,0,"50,000",30,Voice_OM
6049102,Weekly_Roaming_1GB_GLOBAL_Zero,Data,Zero_rated_bundle,1024 MB,"110,000",7,Data_OM
6071577,Weekly_11GB_100Pc,Data,Charged_Bundle,[NULL],"25,000",1,Data_OM
60096,Private_1GB_PostPaid,Data,Charged_bundle,1048576,"12,000",30,Data_OM
6080955,CREDIT LIMIT - 10K,Voice,Zero_rated_bundle_Postpaid,0,0,30,Voice_OM
6000367,UAE,Voice,Charged_bundle,8 Mins,"6,400",7,Voice_OM
60207,25MB_Postpaid_Zero,Data,Zero_rated_bundle,25600,"1,500",30,Data_OM
6071224,FH_combo_8_Zero,Combo,Zero_rated_bundle,[NULL],"6,000",3,FF
60145,East Africa Small_Postpaid_Zero,Voice,Zero_rated_bundle,10,"3,000",1,Voice_OM
6071484,New Core_Market Combo_2500_zero,Combo,Charged_bundle,[NULL],0,1,Combo
6071350,HBB_Monthly_110GB_2GB_daily_150K,Data,Charged_bundle,[NULL],"150,000",30,Data_OM
6000547,Weekly 400 MB_Combo_BTL,Combo,Charged_bundle,400 MB 30Min Bonus,"3,500",7,Data_OM
6071141,Voice Allnet Weekly _10000,Voice,Charged_bundle,250 Mins Allnetworks,"10,000",7,Voice_OM
6081005,CREDIT LIMIT - 260K,Voice,Zero_rated_bundle_Postpaid,0,0,30,Voice_OM
6071355,HBB_Monthly_160GB_2.5GB_daily_zero,Data,Zero_rated_bundle,1.72E+11,"200,000",30,Data_OM
6080962,CREDIT LIMIT - 45K,Voice,Zero_rated_bundle_Postpaid,0,0,30,Voice_OM
6070592,Monthly_Roaming_10GB_ONEAirtel Auto,Data,Charged_bundle,10 GB,"55,000",30,Data_OM
6070827,3Day_2GB_Auto,Data,Charged_bundle,[NULL],"7,500",3,Data_OM
6000468,USA,Voice,Charged_bundle,100 Mins,"10,000",30,Voice_OM
6071302,Voice_300min_100Pc_Zero,Voice,Zero_rated_bundle,300mins,"10,000",30,Voice_OM
6071222,FF_combo_6_Zero,Combo,Zero_rated_bundle,[NULL],"8,000",3,FF
6070565,Quarterly_20GB Auto,Data,Charged_bundle,20GB,"130,000",90,Data_OM
6071915,1000 Onnet+100 Allnet+10 GB+50 SMS_Postpaid,[NULL],Charged_bundle,1000 Onnet+100 Allnet+10 GB+50 SMS,"30,000",30,Postpaid_Combo
60155,Bundle_32Mins_UAE_Postpaid,Voice,Charged_bundle_Postpaid,32,"25,600",30,Voice_OM
6070664,Sponsored_data_MINET_10.24GB,Data,Sponsored_data_bundle,10995116032,0,2160,Data_OM
6071052,FF_combo_3_Zero,Combo,Zero_rated_bundle,7.2GB 20Mins,"10,000",3,FF
6071325,Icontrol_Combo_250K_Calendar,Combo,Charged_bundle,[NULL],"250,000",30,Voice_OM
3600047,Private_100MB,Data,Charged_bundle,100 MB,"8,000",30,Data_OM
6071434,Monthly_48GB_25PC_Zero,Data,Zero_rated_bundle,49152,"100,000",720,Data_OM
6070865,Monthly_22GB_Auto,Data,Charged_bundle,22 GB,"50,000",30,Data_OM
6036343,Africa Bundle,Voice,Charged_bundle_Postpaid,10,"5,000",30,Voice_OM
6070721,Daily_30MB_Auto,Data,Charged_bundle,30 MB,250,1,Data_OM
60120,New_Private_500MB_PostPaid_Auto,Data,Charged_bundle,512000,"25,000",30,Data_OM
6071212,FF_combo_5,Combo,Charged_bundle,[NULL],"7,000",3,FF
6071356,HBB_Monthly_260GB_3GB_daily_300K,Data,Charged_bundle,2.79E+11,"300,000",30,Data_OM
6071172,Weekly Voice 45Mins_Auto,Voice,Charged_bundle,[NULL],"2,000",7,Voice_OM
6070402,Weekly Voice 45Mins,Voice,Charged_bundle,45 Mins,"2,000",7,Voice_OM
6071383,NEW_My_Pakalast_Combo_750,Combo,Charged_bundle,10485760,750,1,VMP
6071890,4GB,Data,Charged_bundle,[NULL],"10,000",30,Data_OM
6071209,FF_6,Data,Charged_bundle,[NULL],"5,000",3,FF
6071272,Weekly 2000_50Pc_Zero,Voice,Zero_rated_bundle,45mins,"2,000",7,Voice_OM
6018845,Special Plan Band5-1,COMBO,Charged_bundle,[NULL],"1,500",24,DMP
6071358,HBB_Monthly_260GB_3GB_daily_zero,Data,Zero_rated_bundle,2.79E+11,"300,000",30,Data_OM
6071432,Monthly_22GB_25PC_Zero,Data,Zero_rated_bundle,22528,"50,000",720,Data_OM
60100,Private_UM_350MB_PostPaid,Data,Charged_bundle,358400,"13,500",30,Data_OM
6071150,Voice Allnet Monthly_10000_Zero,Voice,Zero_rated_bundle,160 Allnetworks,"10,000",30,Voice_OM
6071420,3Day_2.2GB_25PC_Zero,Data,Zero_rated_bundle,2252,"5,000",72,Data_OM
60038,25_SMS_Zero,SMS,Zero_rated_bundle,25,"1,000",30,SMS
6071548,Daily 2000_1_25Pc,Voice,Charged_Bundle,[NULL],"2,000",1,Voice_OM
6056852,"East Africa Bundles 
Kenya, Rwanda, South Sudan",Voice,Charged_bundle,10 Mins,"3,000",1,Voice_OM
60564052,Icontrol_10k,Voice,Charged_bundle,[NULL],"10,000",30,Voice_OM
6000165,CUG_Rent5k_Nosms,Voice,Charged_bundle,100mins,"5,000",30,Voice_OM
6071345,HBB_Monthly_45GB_1GB_daily_auto,Data,Charged_bundle,[NULL],"75,000",30,Data_OM
6071048,FF_4_Zero,Data,Zero_rated_bundle,3.5GB,"5,000",3,FF
6070660,Sponsored_data_kabojja_JS_6.144GB,Data,Sponsored_data_bundle,6291.456,0,30,Data_OM
60039,1000SMS_Zero,SMS,Zero_rated_bundle,1000,"5,000",30,SMS
6070267,Bundle 30Mins_Zero,Voice,Zero_rated_bundle,30 Mins,"5,000",7,Voice_OM
6049191,Icontrol_Combo_150K,Data,Charged_bundle,12 GB,"150,000",30,Data_OM
60171,CHINA_Postpaid_Zero_Monthly,Voice,Zero_rated_bundle_Postpaid,100,"10,000",30,Voice_OM
6070584,Daily_Roaming_400MB_GLOBAL Auto,Data,Charged_bundle,400MB,"40,000",1,Data_OM
6071144,Voice Allnet Monthly_30000,Voice,Charged_bundle,800 Allnetworks,"30,000",30,Voice_OM
6070841,1.5GB_No_Validitys_Zero,Data,Zero_rated_bundle,1.5 GB,"5,000",365,Data_OM
6071193,Chillax_1.3GB,Data,Charged_bundle,1.3GB,"5,000",365,Data_OM
60074,48GB_PostPaid_Auto,Data,Charged_bundle,51539607552,"100,000",30,Data_OM
6049091,Daily_Roaming_400MB_GLOBAL,Data,Charged_bundle,400MB,"40,000",1,Data_OM
6049081,Weak Geo_20min_Zero,Voice,Zero_rated_bundle,20 Mins,500,1,Voice_OM
6071623,Voice_8 mins,Voice,Charged_Bundle,[NULL],500,1,Voice_OM
6070722,Daily_70MB,Data,Charged_bundle,70 MB,500,1,Data_OM
6000052,Bundle 20Mins,Voice,Charged_bundle,20,"5,000",7,Voice_OM
6071082,7.5GB_Calendar,Data,Charged_bundle,[NULL],"20,000",37,Data_OM
6071098,Dummy_Smart_Plan_bundle,Combo,Zero_rated_bundle,0,0,0,Data_OM
6070809,9GB_No_Validity,Data,Charged_bundle,9 GB,"25,000",365,Data_OM
60209,CMB_10K_PostPaid_Zero,Voice,Zero_rated_bundle_Postpaid,0,"10,000",30,Voice_OM
6071904,HBB_Free 40GB,Data,Free bundle,40960,0,15,Data_OM
6071861,Smartplan Gold Premium,Combo,Charged_bundle,[NULL],"1,800,000",30,Combo
6071094,125 SMS_Calendar,SMS,Charged_bundle,125,"5,000",30,SMS
6071837,4G Smart Connect_Monthly_110GB_Auto,Data,Charged_bundle,[NULL],"100,000",30,Data_OM
6049304,Free_1GB_App_SelfCare,Data,Free_bundle,1024,0,7,Data_OM
6071605,Monthly_10000_1,Voice,Charged_Bundle,[NULL],"10,000",1,Voice_OM
6071920,2000 Onnet+200 Allnet+30 GB+150 SMS_Postpaid_Zero,[NULL],Zero_rated_bundle,2000 Onnet+200 Allnet+30 GB+150 SMS,"50,000",30,Postpaid_Combo
6071336,New Pakalast_GM_Zero,Voice,Zero_rated_bundle,60,"1,000",1,Voice_OM
6071734,All net Voice Chillax_4500 Mins_75k_zero,Voice,Zero_rated_bundle,[NULL],"75,000",365,Voice_OM
60221,1000SMS_Free,SMS,Zero_rated_bundle,1000,0,30,SMS
6071190,Day_2.6GB_GM,Data,Charged_bundle,2.6GB,"5,000",7,Data_OM
6070814,Monthly_2.5GB_Auto,Data,Charged_bundle,2560,"10,000",30,Data_OM
6000410,Daily_3.5GB_GM_Zero,Data,Zero_rated_bundle,5 GB,"5,000",3,Data_OM
6049083,Daily_2000_Zero,Voice,Zero_rated_bundle,100 Mins,"2,000",1,Voice_OM
60087,Postpaid Combo 2_Auto,Voice,Charged_bundle_Postpaid,0,"50,000",30,Combo
6071575,Weekly_5.5GB_100Pc,Data,Charged_Bundle,[NULL],"15,000",1,Data_OM
6000170,Wifi_160GB_IDU,Data,Charged_bundle,160GB,"200,000",30,Data_OM
6071393,7day_5GB,Data,Charged_bundle,5368709120,"5,000",30,Data_OM
6018425,50 SMS AutoRenew,SMS,Charged_bundle,50 SMS,"2,000",30,SMS
6071689,DataPlusDaily_1.5GB,Data,Charged_bundle,1536MB,"3,000",1,Data_OM
6070358,Monthly_15GB_FREE,Data,Free_bundle,15GB,0,30,Data_OM
6070507,Weekly_3.5GB_DSTV,Data,Charged_bundle,3.5GB,"10,000",7,Data_OM